idGrupo;idLegGrupo;descAbrev;descricao;idEmpresa
1;*;Todos os Usuários;;1
2;sup;sup;;1
3;sop;Customizador;;1
4;AAT;Agente de Atendimento;;1
5;AMK;Agente de Marketing;;1
6;APA;Analista de Contas a Pagar;;1
7;APD;Analista de Pedido Vendas;;1
8;BOA;Atendente de Back-Office;;1
9;BOC;Coordenador de Back-Office;;1
10;BOS;Supervisor de Back-Office;;1
11;CAN;Analista de Contrato;;1
12;CLI;Cliente de Compras;;1
13;CLV;Cliente Pedido;;1
14;COO;Coordenador;;1
15;CRA;Analista de Crédito;;1
16;CRO;Operador de Caixa;;1
17;CSA;Analista Satisfação do Cliente;;1
18;CST;Analista de Custo;;1
19;CTP;Parte Contratante;;1
20;ENG;Engenheiro de Produto;;1
21;EXA;Analista de Exportação;;1
22;FAN;Analista Financeiro;;1
23;FAU;Auditor de Arquivos;;1
24;FCU;Cliente Financeiro;;1
25;FMG;Gerente Financeiro;;1
26;FOP;Operador de Arquivos;;1
27;FVE;Fornecedor Financeiro;;1
28;GCM;Gestor Comercial;;1
29;GCQ;Gerente de Qualidade;;1
30;GST;Gerenciador Metadados;;1
31;HDA;Atendente de SAC;;1
32;HDC;Coordenador de SAC;;1
33;HDS;Supervisor de SAC;;1
34;HR;RH;;1
35;IAN;Analista de Importação;;1
36;IBB;Comprador Interno;;1
37;IMA;Aprovador de Manutenção Ind.;;1
38;IMC;Cliente de Manutenção Industrial;;1
39;IMP;Planejador de Manutenção Ind.;;1
40;IPD;Implantador de Pedido de Vendas;;1
41;IVD;Digitador de Inventário;;1
42;IVR;Requisitante de Estoque;;1
43;MAD;Administrador de Materiais;;1
44;MDT;Médico Auditor;;1
45;MER;Analista Comercial;;1
46;MFT;Faturista;;1
47;PFT;Preparador Faturamento;;1
48;PLA;Planejador de Produção;;1
49;PRR;Requisitante de Compras;;1
50;PRS;Atendimento ao Prestador;;1
51;QAN;Analista de Qualidade;;1
52;QSQ;Funcionário;;1
53;RAS;Assistente de Cadastro;;1
54;REP;Representante de Vendas;;1
55;SAS;Assistente de Vendas;;1
56;SFT;Separador Faturamento;;1
57;SLM;Vendedor;;1
58;STO;Analista de Armazenagem;;1
59;TAX;Analista Fiscal;;1
60;WKE;Almoxarife;;1
61;ime;Engenheiro de Manutenção Ind.;;1
62;imm;Gerente de Manutenção Industrial;;1
63;imt;Técnico de Manutenção Industrial;;1
64;pmi;Gerente de Produção;;1
65;CEP;Manutenção de CEP;;1
66;AC4;CONSULTAS CONTAS A RECEBER;;1
67;AC5;RELATORIOS CONTAS A RECEBER;;1
68;AP1;SUPERVISAO CONTAS A PAGAR;;1
69;AP4;CONSULTAS CONTAS A PAGAR;;1
70;AP5;RELATORIOS CONTAS A PAGAR;;1
71;APR;APROV. SOLICITACOES/REQUISICOES;;1
72;AR1;SUPERVISAO CONTROLE DE ENTRADA;;1
73;AR3;TAREFAS CONTROLE DE ENTRADA;;1
74;AR4;CONSULTAS CONTROLE DE ENTRADA;;1
75;AR5;RELATORIOS CONTROLE DE ENTRADA;;1
76;AT2;CADASTROS AUDIT TRAIL;;1
77;AT3;TAREFAS AUDIT TRAIL;;1
78;AT4;CONSULTAS AUDIT TRAIL;;1
79;AT5;RELATORIOS AUDIT TRAIL;;1
80;AU1;SUPERVISAO AUDITORIA;;1
81;AU2;CADASTROS AUDITORIA;;1
82;AU3;TAREFAS AUDITORIA;;1
83;AU4;CONSULTAS AUDITORIA;;1
84;AU5;RELATORIOS AUDITORIA;;1
85;AU6;CADASTROS - REVISÃO DE ACESSOS;;1
86;AU7;REVISÃO DE ACESSOS -  GESTORES;;1
87;CA1;SUPERVISAO CERTIFICADO DE ARROZ;;1
88;CA5;RELATORIOS CERTIFICADO DE ARROZ;;1
89;CC1;SUPERVISAO DE COMPRAS;;1
90;CC2;CADASTROS  COMPRAS;;1
91;CC3;TAREFAS COMPRAS;;1
92;CC4;CONSULTAS COMPRAS;;1
93;CC5;RELATÓRIOS COMPRAS;;1
94;CCL;CADASTRO CLIENTE;;1
95;CE1;SUPERVISAO DO  ESTOQUE;;1
96;CE2;CADASTROS  ESTOQUE;;1
97;CE3;TAREFAS ESTOQUE;;1
98;CE4;CONSULTAS ESTOQUE;;1
99;CE5;RELATÓRIOS ESTOQUE;;1
100;CE6;ESK0019 - EXTRACAO CLIE CADAST;;1
101;CE7;TRANSFERENCIA DEPOSITOS CE0206;;1
102;CE8;ITEN CE0106 CE0330 CD0204 CD0603;;1
103;CEI;CADASTRO ESTRUTURA DO ITEM;;1
104;CEM;CADASTRO DO ESTOQUE MASTER;;1
105;CES;CADASTRO ESTABELECIMENTO CD0403;;1
106;CF1;SUPERVISAO CONTROLE DE FRETES;;1
107;CF2;CADASTROS CONTROLE DE FRETES;;1
108;CF3;TAREFAS CONTROLE DE FRETES;;1
109;CF4;CONSULTAS CONTROLE DE FRETES;;1
110;CF5;RELATÓRIOS CONTROLE DE FRETES;;1
111;CF6;GT0119F -MAN PRE-CALC COMPLEMENT;;1
112;CF7;GT0433 - PROVISÃO PENDENTE FRETE;;1
113;CF8;APROVAÇÃO DE FRETES;;1
114;CF9;ESTMS050 REL INT FRETES;;1
115;CFM;CADASTRO FISCAL MASTER;;1
116;CFN;CD0606 -  NATUREZA DE OPERACAO;;1
117;CFP;CADASTRO FEDERAÇÃO E PAIS;;1
118;CFR;CADASTRO FORNECEDOR;;1
119;CFS;CADASTRO SERIE FISCAL DC0104;;1
120;CFT;CADASTRO FISCAL TMS;;1
121;CG1;CADASTROS GERAIS CONTAS;;1
122;CGC;CADASTROS GERAIS CONTABILIDADE;;1
123;CI1;SUPERVISAO DE COMISSOES;;1
124;CI2;CADASTROS DE COMISSOES;;1
125;CI3;TAREFAS DE COMISSOES;;1
126;CI4;CONSULTAS DE COMISSOES;;1
127;CI5;RELATORIOS DE COMISSOES;;1
128;CIT;CADASTRO ITENS;;1
129;CM0;CADASTRO MASTER ZERO;;1
130;CM1;SUPERVISAO AVALIACAO DE CREDITO;;1
131;CM2;CADASTRO DE AVALIACAO DE CREDITO;;1
132;CM3;TAREFAS AVALIACAO DE CREDITO;;1
133;CM4;CONSULTAS AVALIACAO DE CREDITO;;1
134;CM5;RELATORIO AVALIACAO DE CREDITO;;1
135;CME;CADASTROS MASTER EMPRESA;;1
136;CN1;SUPERVISAO DE CONTRATOS;;1
137;CN2;CADASTROS DE CONTRATOS;;1
138;CN3;TAREFAS DE CONTRATOS;;1
139;CN4;CONSULTAS DE CONTRATOS;;1
140;CN5;RELATORIOS DE CONTRATOS;;1
141;CN6;ESCN0001 IMP MATRIZ RATEIO;;1
142;CO1;SUPERVISAO COMPONENTES;;1
143;CO2;CADASTROS COMPONENTES;;1
144;CO4;CONSULTAS COMPONENTES;;1
145;CO5;RELATÓRIOS COMPONENTES;;1
146;CP1;SUPERVISAO PRODUÇÃO;;1
147;CP2;CADASTROS PRODUÇÃO;;1
148;CP3;TAREFAS PRODUÇÃO;;1
149;CP4;CONSULTAS PRODUÇÃO;;1
150;CP5;RELATÓRIOS PRODUÇÃO;;1
151;CP6;CP0318 - DESMONTAGEM ITEM;;1
152;CPC;CADASTRO PERMISSOES COMPRAS;;1
153;CQ1;SUPERVISAO CONTROLE DE QUALIDADE;;1
154;CQ2;CADASTROS CONTROLE DA QUALIDADE;;1
155;CQ3;TAREFAS CONTROLE DE QUALIDADE;;1
156;CQ4;CONSULTAS CONTROLE DE QUALIDADE;;1
157;CQ5;RELATÓRIOS CONTROLE DE QUALIDADE;;1
158;CS1;SUPERVISAO CUSTOS;;1
159;CS2;CADASTROS CUSTOS;;1
160;CS3;TAREFAS CUSTOS;;1
161;CS4;CONSULTAS CUSTOS;;1
162;CS5;RELATÓRIOS CUSTOS;;1
163;CS6;CE0220 - LANCAMENTO DIV ESTOQUE;;1
164;CS7;CE0998 - ALTERA CONTA CONTABIL;;1
165;CTC;CADASTRO TOTVS COLABORACAO;;1
166;CTR;CADASTRO DE TRANSPORTADORES;;1
167;CX1;SUPERV. COMUN. ENTRE PARCEIROS;;1
168;CX2;CADASTROS COMUN. ENTRE PARCEIROS;;1
169;CX4;CONSULTAS COMUN. ENTRE PARCEIROS;;1
170;CX5;RELATÓRIOS COMUN. ENTRE PARCEIRO;;1
171;EC1;SUPERVISAO SEGURANÇA;;1
172;EC2;CADASTROS SEGURANÇA;;1
173;EC3;TAREFAS SEGURANÇA;;1
174;EC4;CONSULTAS SEGURANÇA;;1
175;EC5;RELATÓRIOS SEGURANÇA;;1
176;EN1;SUPERVISAO ENGENHARIA;;1
177;EN2;CADASTROS ENGENHARIA;;1
178;EN3;TAREFAS ENGENHARIA;;1
179;EN4;CONSULTAS ENGENHARIA;;1
180;EN5;RELATÓRIOS ENGENHARIA;;1
181;EN6;EN0205 -  ESTRUTURA NIVEL A NIVE;;1
182;EN7;CD0205 - ALTERACAO COD UNI ITENS;;1
183;EQ1;SUPERVISAO EMBARQUES;;1
184;EQ2;CADASTROS EMBARQUES;;1
185;EQ3;TAREFAS EMBARQUES;;1
186;EQ4;CONSULTAS EMBARQUES;;1
187;EQ5;RELATÓRIOS EMBARQUES;;1
188;EX1;SUPERVISAO EXPORTAÇÃO;;1
189;EX2;CADASTROS EXPORTAÇÃO;;1
190;EX3;TAREFAS EXPORTAÇÃO;;1
191;EX4;CONSULTAS EXPORTAÇÃO;;1
192;EX5;RELATÓRIOS EXPORTAÇÃO;;1
193;exe;EXCEÇÕES PARA TIMEOUT E CONEXÕES;;1
194;FEC;FECHAMENTO ESTOQUE CUSTOS;;1
195;FT1;SUPERVISAO DE FATURAMENTO;;1
196;FT2;CADASTROS DE FATURAMENTO;;1
197;FT3;TAREFAS FATURAMENTO;;1
198;FT4;CONSULTAS FATURAMENTO;;1
199;FT5;RELATORIOS FATURAMENTO;;1
200;FT6;FECHAMENTO FATURAMENTO;;1
201;FT7;CANCELAMENTO NF SAIDA FT2200;;1
202;FT8;FT4003 - Calculo de Notas Fiscai;;1
203;FT9;FT0114-SERIE X ESTAB.;;1
204;FTA;FT2100 - ATUALIZACAO ESTOQUE.;;1
205;FTB;FT0603 - ATUALIZA ACR;;1
206;GN1;RESPONSAVEL GNRE FINANC;;1
207;GN2;RESPONSAVEL GNRE FISCAL;;1
208;IC3;TAREFAS INFORMACOES CREDITO;;1
209;IEM;INDICADORES ECONOMICOS E MOEDAS;;1
210;IM1;SUPERVISAO IMPORTAÇÃO;;1
211;IM3;TAREFAS IMPORTAÇÃO;;1
212;IM4;CONSULTAS IMPORTAÇÃO;;1
213;IM5;RELATÓRIOS IMPORTAÇÃO;;1
214;IN1;SUPERVISAO DE INVESTIMENTOS;;1
215;IN2;CADASTROS INVESTIMENTOS;;1
216;IN3;TAREFAS INVESTIMENTOS;;1
217;IN4;CONSULTAS INVESTIMENTOS;;1
218;IN5;RELATÓRIOS INVESTIMENTOS;;1
219;IN6;IN2302 -  MOV MANUAIS INVEST;;1
220;INV;SUPERVISAO DE INVENTARIO;;1
221;ITM;INTEGRACAO PORTAL FRETES X TMS;;1
222;IV3;TAREFAS INVENTARIO;;1
223;IVG;GERENCIAL DE INVENTARIO CE0707;;1
224;KFT;CONSULTORIA KRAFT VALIDACAO BI;;1
225;LF1;SUPERVISAO CONF. LAYOUT FISCAL;;1
226;LF2;CADASTROS  CONF. LAYOUT FISCAL;;1
227;LF3;TAREFAS CONF. LAYOUT FISCAL;;1
228;LF4;CONSULTAS CONF. LAYOUT FISCAL;;1
229;LF5;RELATÓRIOS CONF. LAYOUT FISCAL;;1
230;LO1;SUPERVISAO LOGISTICA;;1
231;LO3;TAREFAS LOGISTICA;;1
232;LO4;CONSULTAS LOGISTICA;;1
233;LO5;RELATORIOS LOGISTICA;;1
234;LO6;ES0209 - MANUT LOJA AGENDAMENTO;;1
235;LR1;SUPERVISAO RECEBIMENTO LOGISTICO;;1
236;LR3;TAREFAS RECEBIMENTO LOGISTICO;;1
237;LR4;CONSULTAS RECEBIMENTO LOGISTICO;;1
238;LR5;RELATORIOS RECEBIMENTO LOGISTICO;;1
239;MA1;SUPERVISAO ADM. DE COTAS;;1
240;MA2;CADASTROS ADM. DE COTAS;;1
241;MA3;TAREFAS ADM. DE COTAS;;1
242;MA4;CONSULTAS ADM. DE COTAS;;1
243;MA5;RELATÓRIOS ADM. DE COTAS;;1
244;ML1;SUPERVISAO MLA;;1
245;ML2;CADASTROS MLA;;1
246;ML4;CONSULTAS MLA;;1
247;ML5;RELATORIOS MLA;;1
248;ML6;PARAMETROS FLUIG MLA;;1
249;MLA;CADASTROS PERMISSOES COMPRAS;;1
250;MM1;SUPERVISÃO MANUTENCAO INDUSTRIAL;;1
251;MM2;CADASTROS MANUTENCAO INDUSTRIAL;;1
252;MM3;TAREFAS MANUTENCAO INDUSTRIAL;;1
253;MM4;CONSULTAS MANUTENCAO INDUSTRIAL;;1
254;MM5;RELATORIOS MANUTENCAO INDUSTRIAL;;1
255;MP1;SUPERVISAO ADM DO PRECO DE VENDA;;1
256;MP2;CADASTROS ADM DO PRECO DE VENDA;;1
257;MP3;TAREFAS ADM DO PRECO DE VENDAS;;1
258;MP4;CONSULTAS ADM DO PRECO DE VENDA;;1
259;MP5;RELATÓRIOS ADM DO PRECO DE VENDA;;1
260;MQ1;SUPERVISAO COTACAO DE VENDAS;;1
261;MQ2;CADASTROS COTACAO DE VENDAS;;1
262;MQ3;TAREFAS COTACAO DE VENDAS;;1
263;MQ4;CONSULTAS COTACAO DE VENDAS;;1
264;MQ5;RELATORIOS COTACAO DE VENDAS;;1
265;ND1;SUPERVISAO DOCUMENTOS DE FROTAS;;1
266;ND2;CADASTROS DOCUMENTOS DE FROTAS;;1
267;ND4;CONSULTAS DOCUMENTOS DE FROTAS;;1
268;NFC;NOTA FISCAL CONTIGENCIA;;1
269;NN1;SUPERVISAO CONTRATOS COMERCIAIS;;1
270;NN3;TAREFAS CONTRATOS COMERCIAIS;;1
271;NN4;CONSULTAS CONTRATOS COMERCIAIS;;1
272;NN5;RELATORIOS CONTRATOS COMERCIAIS;;1
273;NU1;SUPERVISAO MENU;;1
274;NU2;CADASTROS MENU;;1
275;NU3;TAREFAS MENU;;1
276;NU4;CONSULTAS MENU;;1
277;NU5;RELATÓRIOS MENU;;1
278;OF1;SUPERVISAO OBRIGACOES FISCAIS;;1
279;OF2;CADASTROS OBRIGACOES FISCAIS;;1
280;OF3;TAREFAS OBRIGACOES FISCAIS;;1
281;OF4;CONSULTAS OBRIGACOES FISCAIS;;1
282;OF5;RELATÓRIOS OBRIGACOES FISCAIS;;1
283;OF6;OF0305 - MANUTENCAO DOCTO FISCAL;;1
284;OT1;SUPERV. OCORRÊNCIAS TRANSPORTES;;1
285;OT3;TAREFAS OCORRÊNCIAS TRANSPORTES;;1
286;OT4;CONSULTAS OCORRÊNCIAS TRANSPORTE;;1
287;OT5;RELATÓRIOS OCORRÊNCIA TRANSPORTE;;1
288;PD1;SUPERVISAO PEDIDOS;;1
289;PD2;CADASTROS PEDIDOS;;1
290;PD3;TAREFAS PEDIDOS;;1
291;PD4;CONSULTAS PEDIDOS;;1
292;PD5;RELATORIOS PEDIDOS;;1
293;PD6;FATURISTA ACESSO PD4000;;1
294;PGP;PROGRAMAS GERAIS PROPHIX;;1
295;PM3;TAREFAS PLANEJ. MANUT. INDUST;;1
296;PM4;CONSULTAS PLANEJ. MANUT. INDUST;;1
297;PM5;RELATORIOS PLANEJ. MANUT. INDUST;;1
298;PN1;SUPERVISAO PNEUS;;1
299;PN2;CADASTROS PNEUS;;1
300;PN4;CONSULTAS PNEUS;;1
301;PN5;RELATÓRIOS PNEUS;;1
302;PO1;SUPERVISAO PROGR. MAO-DE-OBRA MI;;1
303;PO2;CADASTROS PROGR. MAO-DE-OBRA MI;;1
304;PO4;CONSULTAS PROGR. MAO-DE-OBRA MI;;1
305;PO5;RELATÓRIOS PROGR. MAO-DE-OBRA MI;;1
306;PS1;SUPERVISAO MENU / SFA;;1
307;PS2;CADASTROS MENU;;1
308;PS5;RELATÓRIOS MENU;;1
309;PV2;CADASTROS PREVISAO DE VENDAS;;1
310;PV3;TAREFAS PREVISAO DE VENDAS;;1
311;PV4;CONSULTAS PREVISAO DE VENDAS;;1
312;PV5;RELATÓRIOS PREVISAO DE VENDAS;;1
313;RE1;USUARIO MESTRE  RECEBIMENTO;;1
314;RE2;CADASTROS  RECEBIMENTO;;1
315;RE3;TAREFAS RECEBIMENTO FISCAL;;1
316;RE4;TAREFAS RECEBIMENTO FISICO;;1
317;RE5;CONSULTAS RECEBIMENTO;;1
318;RE6;RELATÓRIOS RECEBIMENTO;;1
319;RE7;RE0708 - Monitor NF-e/CT-e/NFS-e;;1
320;RE8;DESATUALIZACAO DOCTOS RE0402;;1
321;REQ;REQUISICOES / SOLICITACOES;;1
322;RI1;SUPERVISAO RECUPERACAO DE IMPOST;;1
323;RI2;CADASTROS RECUPERACAO IMPOSTO;;1
324;RI3;TAREFAS RECUPERACAO IMPOSTO;;1
325;RI4;CONSULTAS RECUPERACAO IMPOSTO;;1
326;RI5;RELATORIOS RECUPERACAO IMPOSTO;;1
327;RO1;SUPERVISAO ROMANEIO PESCADOS;;1
328;RO3;TAREFAS ROMANEIO PESCADOS;;1
329;RO5;RELATORIOS ROMANEIO PESCADOS;;1
330;RP1;CD8600 - AGENDAMENTO RPW;;1
331;RPW;RPW;;1
332;SDT;SUPORTE DATASUL;;1
333;SE1;SUPERVISAO CENTRAL DE SERVICOS;;1
334;SE2;TAREFAS CENTRAL DE SERVICOS;;1
335;SE3;TAREFAS CENTRAL DE SERVICOS;;1
336;SE6;RELATORIOS CENTRAL DE SERVICOS;;1
337;SEF;ESCRITURACAO FISCAL/PE;;1
338;SPC;SPED CONTABIL;;1
339;TP1;SUPERVISAO TABELA DE PRECO;;1
340;TP3;TAREFAS TABELA DE PRECO;;1
341;TP4;CONSULTAS TABELA DE PRECO;;1
342;TP5;RELATORIOS TABELA DE PRECO;;1
343;TST;Usuario Teste;;1
344;VF1;SUPERVISAO DE FRETES;;1
345;VF2;CADASTROS DE FRETES;;1
346;VF3;TAREFAS DE FRETES;;1
347;VF4;CONSULTAS DE FRETES;;1
348;VF5;RELATÓRIOS DE FRETES;;1
349;VF6;CADASTRO DE REGIOES E TABELA;;1
350;VP1;SUPERVISAO VENDAS PROMOCIONAIS;;1
351;VP2;CADASTROS VENDAS PROMOCIONAIS;;1
352;VP3;TAREFAS VENDAS PROMOCIONAIS;;1
353;VP4;CONSULTAS VENDAS PROMOCIONAIS;;1
354;VP5;RELATORIOS VENDAS PROMOCIONAIS;;1
355;WM1;SUPERVISAO WMS;;1
356;WM2;CADASTROS WMS;;1
357;WM3;TAREFAS WMS;;1
358;WM4;CONSULTAS WMS;;1
359;WM5;RELATORIOS WMS;;1
360;XC1;SUPERVISAO EXPEDICAO DE CARGAS;;1
361;XC3;TAREFAS EXPEDICAO DE CARGAS;;1
362;XC4;CONSULTAS EXPEDICAO DE CARGAS;;1
363;XC5;RELATÓRIOS EXPEDICAO DE CARGAS;;1
364;XC6;XC0402 - REENTREGA E DIARIA;;1
365;XC7;GT0424 - ATUALI NOTA FISCAL ERP;;1
366;A01;ADTO VIAGEM;;1
367;A02;ADTO FORNECEDOR ARROZ;;1
368;A03;ADTO FORNECEDOR DIVERSOS;;1
369;A04;ADTO FORNECEDOR DIV - ATIVO;;1
370;A05;ADTO FORNECEDOR FRETES;;1
371;A06;ADTO FORNECEDOR SERV IMPORT;;1
372;A07;ADTO FORNECEDOR FEIJAO;;1
373;A08;ADTO FORNECEDOR PESCADOS;;1
374;A09;ADTO PRO LABORE;;1
375;A10;EMPRESTIMO FUNCIONARIO  JUROS RH;;1
376;A11;NOTA DE DEBITO;;1
377;A12;ADTO FORNECEDOR ACUCAR;;1
378;A14;ADTO INTERCOMPANY MEC. INT.;;1
379;A15;ADTO VALE TRANS. ALIM. MED. TREI;;1
380;A16;NOTA DE CREDITO;;1
381;A17;ADTO CARTÃO PAYPAXX;;1
382;A18;DEBITOS TRANSPORTADORAS;;1
383;A19;Nota de Débito/ Regularização;;1
384;AC1;SUPERVISAO CONTAS A RECEBER;;1
385;AC2;CADASTROS CONTAS A RECEBER;;1
386;AC6;MANUTENCAO CALENDARIO;;1
387;AC7;CONTAS A RECEBER;;1
388;AC9;TAREFAS CONT. INADIMPLENCIA;;1
389;AP2;CADASTROS CONTAS A PAGAR;;1
390;AP3;TAREFAS CONTAS A PAGAR;;1
391;AP6;ALTERAR CODIGO DE BARRAS APB;;1
392;AP7;DADOS PORTAL INVOINET;;1
393;AP8;CONTAS A PAGAR SEM MENU;;1
394;BT1;SUPERVISAO BASICO NPS;;1
395;BT2;CADASTROS BASICO NPS;;1
396;BT3;TAREFAS BASICO NPS;;1
397;BT4;CONSULTAS BASICO NPS;;1
398;BT5;RELATORIOS BASICO NPS;;1
399;C01;CAIXA MENOR ESTAB. 01;;1
400;C03;CAIXA MENOR ESTAB. 03;;1
401;C04;CAIXA MENOR ESTAB. 04;;1
402;C10;CAIXA MENOR ESTAB. 10;;1
403;C13;CAIXA MENOR ESTAB. 13;;1
404;C14;CAIXA MENOR ESTAB. 14;;1
405;C15;CAIXA MENOR ESTAB. 15;;1
406;C16;CAIXA MENOR ESTAB. 16;;1
407;C17;CAIXA MENOR ESTAB. 17;;1
408;C18;CAIXA MENOR ESTAB. 18;;1
409;C19;CAIXA MENOR ESTAB. 19;;1
410;C21;CAIXA MENOR ESTAB. 21;;1
411;C24;CAIXA MENOR ESTAB. 24;;1
412;C27;CAIXA MENOR ESTAB. 27;;1
413;C28;CAIXA MENOR ESTAB. 28;;1
414;C29;CAIXA MENOR ESTAB. 29;;1
415;C32;CAIXA MENOR ESTAB. 32;;1
416;C33;CAIXA MENOR ESTAB. 33;;1
417;C34;CAIXA MENOR ESTAB. 34;;1
418;C35;CAIXA MENOR ESTAB. 35;;1
419;C36;CAIXA MENOR ESTAB. 36;;1
420;C37;CAIXA MENOR ESTAB. 37;;1
421;C38;CAIXA MENOR ESTAB. 38;;1
422;C39;CAIXA MENOR ESTAB. 39;;1
423;C40;CAIXA MENOR ESTAB. 40;;1
424;C41;CAIXA MENOR ESTAB. 41;;1
425;C42;CAIXA MENOR ESTAB. 42;;1
426;CB1;SUPERVISAO CAIXAS E BANCOS;;1
427;CB2;CADASTROS CAIXAS E BANCOS;;1
428;CB3;TAREFAS CAIXAS E BANCOS;;1
429;CB4;CONSULTAS CAIXAS E BANCOS;;1
430;CB5;RELATORIOS CAIXAS E BANCOS;;1
431;CMF;CADASTROS MASTER FINANCEIRO;;1
432;COB;COBRANCA;;1
433;CTB;CONTABILIDADE;;1
434;CV1;COMISSOES SOBRE VENDAS;;1
435;D01;DESPESAS JUDICIAIS;;1
436;D02;REEMBOLSO DESPESAS;;1
437;D03;BOLSA DE ESTUDOS;;1
438;D04;ISS SECAGEM CDO DESCASQUE ARR;;1
439;D05;CONTRIBUICAO SINDICAL PATRONAL;;1
440;D06;RESSARCIMENTO A CLIENTE;;1
441;D07;PARCELAMENTO DE IMPOSTO (REFIS);;1
442;D08;DEVOL DE IMPOSTO RETIDOS INDEV;;1
443;D09;CONT INSS EMPRESA AUTONOMOS;;1
444;D10;DEVOLUCAO DE CLIENTES;;1
445;D11;DIVIDENDOS A PAGAR;;1
446;D12;TRIBUTOS SERV FORNEC EXTERIOR;;1
447;D13;DESPESAS COM FUNCIONARIOS;;1
448;D14;CONT SINDICAL ANUAL FUNC CHAVES;;1
449;D15;TAXA AD DIPER FILIAL RECIFE;;1
450;D17;SUPRIMENTOS CAIXA;;1
451;D18;TRANSF-ICMS GNRE/DAE;;1
452;D19;NOTA DE CREDITO;;1
453;D20;NOTA DE DEBITO;;1
454;D21;PAGTO VALE TRANSP FRETADO;;1
455;D22;INDENIZACAO CLIENTE RECIFE;;1
456;D23;PAGTO CIEE UNIDADE RECIFE;;1
457;D24;INDENIZACOES TRABALHISTAS CIVEIS;;1
458;D25;PAGTO GUIAS INSCR CAIXA ECON;;1
459;D26;IMPLANTACAO TIT. ISS. IR. IN.PC;;1
460;D27;MULTAS LOGISTICAS;;1
461;D28;PRESTACAO DE CONTAS - COMERCIAL;;1
462;D29;TRIBUTOS IMPORTACAO;;1
463;D30;TAXAS EMOLUMENTOS;;1
464;D31;Associação Comercial;;1
465;D32;MULTAS INMETRO/IPEM;;1
466;D33;ACAO SOCIAL;;1
467;D34;Distrato Representantes Comercia;;1
468;D35;CONTRATOS COMERCIAIS;;1
469;D36;IRPJ - IRPJ ESTIMATIVA;;1
470;D37;CSLL -  CSLL ESTIMATIVA;;1
471;D38;COMISSOES;;1
472;D39;IPVA / Seguro Obrig. / Licencia;;1
473;D40;Assinatura de Revista/Jornais;;1
474;D41;DESPESAS COM FRETES;;1
475;D42;PAGAMENTO À TERCEIRO- NOTA DEBI;;1
476;D43;LOCACAO DE EQUIPAMENTOS;;1
477;D44;SEGUROS;;1
478;D45;SERVICOS EXTERIOR;;1
479;D46;DISPESAS TRIBUTOS IMPORTACAO;;1
480;D47;ESTACIONAMENTO UCEBT;;1
481;D48;ALUGUEL;;1
482;D49;CAPTAÇÃO DE RECURSOS;;1
483;DTF;DATASUL FISCAL;;1
484;DTS;DATASUL;;1
485;ED2;CADASTROS EDI;;1
486;ED3;TAREFAS EDI;;1
487;ED4;CONSULTAS EDI;;1
488;ED5;RELATORIOS EDI;;1
489;EE1;SUPERVISAO PRESTACAO DE CONTAS;;1
490;EE2;CADASTROS PRESTACAO DE CONTAS;;1
491;EE3;TAREFAS PRESTACAO DE CONTAS;;1
492;EE4;CONSULTAS PRESTACAO DE CONTAS;;1
493;EE5;RELATORIOS PRESTACAO DE CONTAS;;1
494;FA1;SUPERVISAO ATIVO FIXO;;1
495;FA2;CADASTROS ATIVO FIXO;;1
496;FA3;TAREFAS ATIVO FIXO;;1
497;FA4;CONSULTAS ATIVO FIXO;;1
498;FA5;RELATORIOS ATIVO FIXO;;1
499;FC1;SUPERVISAO FLUXO DE CAIXA;;1
500;FC2;CADASTROS FLUXO DE CAIXA;;1
501;FC3;TAREFAS FLUXO DE CAIXA;;1
502;FC4;CONSULTAS FLUXO DE CAIXA;;1
503;FC5;RELATORIOS FLUXO DE CAIXA;;1
504;FG1;SUPERVISAO CONTABILIDADE FISCAL;;1
505;FG2;CADASTROS CONTABILIDADE FISCAL;;1
506;FG3;TAREFAS CONTABILIDADE FISCAL;;1
507;FG4;CONSULTAS CONTABILIDADE FISCAL;;1
508;FG5;RELATORIOS CONTABILIDADE FISCAL;;1
509;FIL;FILIAIS;;1
510;FIN;FINANCEIRO;;1
511;FLU;CADASTRO TRANSACAO FLUIG/MLA;;1
512;IV1;SUPERVISAO CONT. INADIMPLENCIA;;1
513;IV2;CADASTROS CONT. INADIMPLENCIA;;1
514;IV4;CONSULTAS CONT. INADIMPLENCIA;;1
515;IV5;RELATORIOS CONT. INADIMPLENCIA;;1
516;MG2;CADASTROS CONTAB. GERENCIAL;;1
517;MG3;TAREFAS CONTAB. GERENCIAL;;1
518;MG4;CONSULTAS CONTAB. GERENCIAL;;1
519;MG5;RELATORIOS CONTAB. GERENCIAL;;1
520;MN2;CADASTROS DE MENU;;1
521;MN3;TAREFAS DE MENU;;1
522;MN4;CONSULTAS DE MENU;;1
523;MN5;RELATORIOS DE MENU;;1
524;PFJ;CADASTROS PESSOAS FIS./JURID.;;1
525;PL1;SUPERVISAO APLIC. E EMPRESTIMOS;;1
526;PL2;CADASTROS APLIC. E EMPRESTIMOS;;1
527;PL3;TAREFAS APLIC. E EMPRESTIMOS;;1
528;PL4;CONSULTAS APLIC. E EMPRESTIMOS;;1
529;PL5;RELATORIOS APLIC. E EMPRESTIMOS;;1
530;UF1;SUPERVISAO FINANCEIRO UNIVERSAL;;1
531;UF2;CADASTROS FINANCEIRO UNIVERSAL;;1
532;UF3;TAREFAS FINANCEIRO UNIVERSAL;;1
533;UF4;CONSULTAS FINANCEIRO UNIVERSAL;;1
534;UF5;RELATORIOS FINANCEIRO UNIVERSAL;;1
535;ZZZ;PROGRAMAS NAO UTILIZADOS;;1
536;GPS;SISTEMA GPS;;1
537;GFE;CADASTRO GFE;;1
538;GPC;SISTEMA GPS CUSTOS;;1
539;GPL;SISTEMA GPS LOGISTICA;;1
540;GPT;SISTEMA GPS TRIBUTARIO;;1
541;GPP;SISTEMA GPS PRICING;;1
542;PET;Programa Especial TOTVS;;1
543;GPF;SISTEMA GPS FATURAMENTO;;1
544;GF1;Botao Recalculo do Frete;;1
545;ML7;MLA0301 - Aprovacao Pendencias;;1
546;D50;FATURA CARTAO;;1
547;AC8;ES1063G - VP BX GDS REDES;;1
548;AC3;TAREFAS CONTAS A RECEBER;;1
549;GF2;CADASTROS GFE;;1
550;GF3;TAREFAS GFE;;1
551;GF4;CONSULTAS GFE;;1
552;PI2;CADASTRO PLANEJ INDUSTRIAL;;1
553;PI5;RELATORIO PLANEJ INDUSTRIAL;;1
554;CMC;CADASTROS CONTABILIDADE FISCAL;;1
555;CS8;spce068 - Elimina Saldo Terceiro;;1
556;ACF;ACESSO AOS PROGRAMAS SPFT;;1
557;TIE;TAREFAS EXCLUSIVAS EQUIPE SUSTEN;;1
558;EB1;SUPERVISÃO CAMBIO;;1
559;EB3;TAREFAS CAMBIO;;1
560;EB5;RELATÓRIOS CAMBIO;;1
561;CIC;CONSULTA ITENS;;1
562;C47;CAIXA MENOR ESTAB. 47;;1
563;C48;CAIXA MENOR ESTAB. 48;;1
564;C49;CAIXA MENOR ESTAB. 49;;1
565;TMP;ACESSO TEMPORARIO;;1
566;FTC;ES0122 - Familia x Certificado;;1
567;ATR;ATUALIZAÇAO REPRESENTANTE - cd07;;1
568;AR2;CADASTROS CONTROLE DE ENTRADA;;1
569;VER;TERCEIROS VERMONT;;1
570;CF0;TAREFA RESTRITA FISCAL - Critica;;1
571;CE0;ACESSO SOMENTE PARA CE0000;;1
572;PS4;CONSULTA MENU / SFA;;1
573;RE9;re1001 - Manutenção de Documento;;1
574;APS;Atenção Primária à Saúde;;1
575;CQ6;AUTORIZAÇÃO NO PROGRAMA CQ0113;;1
576;CQ7;AUTORIZAÇÃO NO PROGRAMA CQ0124;;1
577;RES;GRUPO RESTRITO - CD1406;;1
578;PS6;INTEGRAÇOES ARIBA;;1
579;CC7;PEDIDO DE COMPRAS - ARROZ;;1
580;CFA;Autorização no Fin / ARIBA;;1
581;CD1;RESTRITO - CD0401;;1
582;CC8;Consultas do Ariba;;1
583;FTD;FT0709 - Diário Auxiliar;;1
584;CE9;ACESSO AO PROGRAMA CE0110;;1
585;IN7;SALDOS DE ORDENS DE INVESTIMENTO;;1
586;IT0;INTEGRACOES SFA;;1
587;RE0;Permissão CD0904A e ES7505;;1
588;CFB;Cadastros do Fiscal 1;;1
589;CFC;Cadastros do Fiscal 2;;1
590;CFD;Cadastros do Fiscal 3;;1
591;FTE;CADASTRO DE FATOR DE CONVERSAO;;1
592;LG1;CADASTROS LOGISTICA;;1
593;LG2;LOGISTICA - ESCD0066;;1
594;GR1;Cadastros Grandes Redes;;1
595;CFE;CD0912 - CALEND. COMERCIAL/ADM;;1
596;C43;CAIXA MENOR ESTAB. 43;;1
597;PS3;ESCM0104 - ATUALIZAÇAO LEAD TIME;;1
598;GG1;Supervisão de Grãos;;1
599;GG2;Cadastros Principais Grãos;;1
600;GG3;Cadastros Operacionais Grãos;;1
601;GG4;Tarefas Grãos;;1
602;GG5;Relatórios Grãos;;1
603;GG6;Consultas Grãos;;1
604;GG7;Fechamentos Grãos;;1
