idUsrEMp;cod_usuario;idEmpresa;idGestor
1;01aamenezes;1;
2;01aassouza;1;
3;01aavelino;1;
4;01aborsato;1;
5;01acartolari;1;
6;01acbchamas;1;
7;01acbianco;1;
8;01acdias;1;
9;01acfogari;1;
10;01acgoncalve;1;
11;01aclino;1;
12;01acperez;1;
13;01acrcunha;1;
14;01acunha;1;
15;01adias;1;
16;01adrocher;1;
17;01afbastos;1;
18;01afcouto;1;
19;01afcutrim;1;
20;01afgarofalo;1;
21;01afhmartins;1;
22;01afortunato;1;
23;01afreitas;1;
24;01afreitas-2;1;
25;01afsilva;1;
26;01agferreira;1;
27;01agoncalves;1;
28;01agpossatti;1;
29;01agzaminell;1;
30;01aiabarboza;1;
31;01ajririneu;1;
32;01ajsilva;1;
33;01akfarid;1;
34;01akruchinsk;1;
35;01akrufino;1;
36;01alcarvalho;1;
37;01alcepeda;1;
38;01alcunha;1;
39;01alencione;1;
40;01alfunes;1;
41;01alleal;1;
42;01alsimoes;1;
43;01amiranda;1;
44;01amnmazza;1;
45;01amsantos;1;
46;01amsilva;1;
47;01anasciment;1;
48;01anrocha;1;
49;01aocolombo;1;
50;01apalves;1;
51;01apcaetano;1;
52;01apcosta;1;
53;01aplago;1;
54;01apmarques;1;
55;01aprjeucken;1;
56;01arazevedo;1;
57;01arcarvalho;1;
58;01arjeucken;1;
59;01aromanini;1;
60;01arufino;1;
61;01asantana;1;
62;01ascosta;1;
63;01asfarias;1;
64;01asimplicio;1;
65;01aspequini;1;
66;01asreis;1;
67;01assantos;1;
68;01astrindade;1;
69;01atenorio;1;
70;01athomaz;1;
71;01atissiano;1;
72;01atrindade;1;
73;01automvp;1;
74;01avsilva;1;
75;01awziontek;1;
76;01azalves;1;
77;01bacezario;1;
78;01balves;1;
79;01bcnguerra;1;
80;01bdmribas;1;
81;01bfcarvalho;1;
82;01bflorencio;1;
83;01bfncosta;1;
84;01bgreen;1;
85;01blzneto;1;
86;01bnribeiro;1;
87;01brcunha;1;
88;01bslacerda;1;
89;01bssilva;1;
90;01caaniquini;1;
91;01cadias;1;
92;01cagiglio;1;
93;01calexandre;1;
94;01caraujo;1;
95;01carcanjo;1;
96;01casilva;1;
97;01casousa;1;
98;01casouza;1;
99;01cbetoni;1;
100;01cbsouza;1;
101;01ccalil;1;
102;01ccamargo;1;
103;01ccossaros;1;
104;01ccsoares;1;
105;01ccssoares;1;
106;01cdias;1;
107;01cdmello;1;
108;01cefranzi;1;
109;01celbarbosa;1;
110;01cepracchia;1;
111;01cesbrandao;1;
112;01cfilippett;1;
113;01cfranzen;1;
114;01cgnunes;1;
115;01cgoncalves;1;
116;01chleite;1;
117;01ckfranco;1;
118;01ckpsantos;1;
119;01clcosta;1;
120;01clima;1;
121;01cmadeira;1;
122;01cmbremberg;1;
123;01cmcosta;1;
124;01cmvellardo;1;
125;01cnascimen2;1;
126;01cnasciment;1;
127;01coromano;1;
128;01cpicci;1;
129;01cplima;1;
130;01cpmotta;1;
131;01crdbianco;1;
132;01crgarcia;1;
133;01cribeiro;1;
134;01crosa;1;
135;01crsantos;1;
136;01csbrito;1;
137;01csdias;1;
138;01csilva;1;
139;01csoares;1;
140;01ctelles;1;
141;01ctlevy;1;
142;01cvcruz;1;
143;01cvcruz-2;1;
144;01cvlbraga;1;
145;01dadluca;1;
146;01dalbuquerq;1;
147;01damendonca;1;
148;01daoliveira;1;
149;01dapacheco;1;
150;01dapaixao;1;
151;01dapfirmino;1;
152;01dblecinio;1;
153;01dbsmelo;1;
154;01dbstela;1;
155;01dcbuschin;1;
156;01dccardoso;1;
157;01dcgolin;1;
158;01dcordeiro;1;
159;01dcorea;1;
160;01dcsfelix;1;
161;01dfanti;1;
162;01dfbastos;1;
163;01dflima;1;
164;01dfsabino;1;
165;01dkarkoska;1;
166;01dmbezerra;1;
167;01dmhasegava;1;
168;01drodrigues;1;
169;01dsantos;1;
170;01dspimenta;1;
171;01dssbarros;1;
172;01dsschaberl;1;
173;01dssilva;1;
174;01dsuiama;1;
175;01dtsantos;1;
176;01dzarniski;1;
177;01easilva;1;
178;01ebarreto;1;
179;01ebsilva;1;
180;01ecassimiro;1;
181;01ecbonfim;1;
182;01ecosta;1;
183;01edarccin;1;
184;01eferreira;1;
185;01eferro;1;
186;01efilardi;1;
187;01efrezende;1;
188;01egrosario;1;
189;01ejakus;1;
190;01ejjunior;1;
191;01ejmartins;1;
192;01elazarte;1;
193;01elazarte-2;1;
194;01elsilva;1;
195;01elucio;1;
196;01emarruda;1;
197;01emfarias;1;
198;01emoliveira;1;
199;01emribeiro;1;
200;01enasciment;1;
201;01epereira;1;
202;01epetta;1;
203;01epinheiro;1;
204;01erpadovini;1;
205;01esbarros;1;
206;01esbonfim;1;
207;01esduraes;1;
208;01esfernande;1;
209;01esjesus;1;
210;01essantos;1;
211;01evmssilva;1;
212;01ezlagos;1;
213;01faborges;1;
214;01falopes;1;
215;01faumbelino;1;
216;01fbelmont;1;
217;01fbsilva;1;
218;01fcatucci;1;
219;01fcholanda;1;
220;01fcjorge;1;
221;01fcmoraes;1;
222;01fcslima;1;
223;01fcsneto;1;
224;01fdsantos;1;
225;01feoliveira;1;
226;01ffmendes;1;
227;01ffoliveira;1;
228;01ffsantos;1;
229;01fgalcantar;1;
230;01fgoncalves;1;
231;01fhadias;1;
232;01fjsantos;1;
233;01fjsouza;1;
234;01fjvargas;1;
235;01fkribeiro;1;
236;01flacerda;1;
237;01flbispo;1;
238;01fmagalhaes;1;
239;01fmbarizan;1;
240;01fmonteiro;1;
241;01fmsucci;1;
242;01fndantas;1;
243;01fnurbaneja;1;
244;01fomoreira;1;
245;01fpcampos;1;
246;01frapessoa;1;
247;01frcandido;1;
248;01frsantos;1;
249;01fsbasilio;1;
250;01fssilveira;1;
251;01ftomazella;1;
252;01fvboas;1;
253;01fvfarias;1;
254;01gcalmeida;1;
255;01gcardoso;1;
256;01gguliam;1;
257;01gkmachado;1;
258;01glage;1;
259;01glbruneli;1;
260;01glferreira;1;
261;01gmcozono;1;
262;01goqueiroz;1;
263;01gpanni;1;
264;01gpcosta;1;
265;01gpdosantos;1;
266;01gpsantos;1;
267;01grbruzinga;1;
268;01grcurtis;1;
269;01grdubbem;1;
270;01gsadauscas;1;
271;01gsalem;1;
272;01gsbellon;1;
273;01gssantos;1;
274;01gsteles;1;
275;01gsvieira;1;
276;01gtrocha;1;
277;01hasilva;1;
278;01hcmoreira;1;
279;01heoliveira;1;
280;01hlanzo;1;
281;01hlima;1;
282;01hpsantos;1;
283;01hsantos;1;
284;01iakustro;1;
285;01iaribeiro;1;
286;01ijpaludo;1;
287;01imrpolivei;1;
288;01inmartins;1;
289;01integravp;1;
290;01ipmtelles;1;
291;01irsouza;1;
292;01jarsilva;1;
293;01jasantos;1;
294;01jasouza;1;
295;01jcaicara;1;
296;01jcalves;1;
297;01jcconti;1;
298;01jcdantas;1;
299;01jcleao;1;
300;01jcmartins;1;
301;01jconceicao;1;
302;01jcrmoura;1;
303;01jcsantos;1;
304;01jcteodoro;1;
305;01jdaraujo;1;
306;01jdariolli;1;
307;01jdmcastilh;1;
308;01jdsantos;1;
309;01jdssilva;1;
310;01jeoliveira;1;
311;01jfdsilva;1;
312;01jfernandes;1;
313;01jflindoso;1;
314;01jfpereira;1;
315;01jfrlopes;1;
316;01jfsilva;1;
317;01jfvenancio;1;
318;01jghisi;1;
319;01jgnascimen;1;
320;01jguedes;1;
321;01jguimaraes;1;
322;01jjgomes;1;
323;01jkmarques;1;
324;01jkslopes;1;
325;01jlaragao;1;
326;01jldelgado;1;
327;01jlfchagas;1;
328;01jlmiranda;1;
329;01jloliveira;1;
330;01jlsanho;1;
331;01jlsatomi;1;
332;01jmbrun;1;
333;01jmiranda;1;
334;01jmmeneghin;1;
335;01jmquarti;1;
336;01jmsilveira;1;
337;01jnasciment;1;
338;01jopfiguere;1;
339;01jpribeiro;1;
340;01jquartiero;1;
341;01jrarantes;1;
342;01jrcastilho;1;
343;01jrguimarae;1;
344;01jroliveira;1;
345;01jsadi;1;
346;01jsaraujo;1;
347;01jsforray;1;
348;01jssantos;1;
349;01jstefaneli;1;
350;01jtavares;1;
351;01jtcordeiro;1;
352;01jwmarques;1;
353;01kbavila;1;
354;01kcbastos;1;
355;01kcfernande;1;
356;01ksantana;1;
357;01lacicero;1;
358;01ladamaceno;1;
359;01lafspalea;1;
360;01lalopes;1;
361;01lanunes;1;
362;01lapereira;1;
363;01lbbenigno;1;
364;01lbrocha;1;
365;01lcasilva;1;
366;01lcavalcant;1;
367;01lcbarbosa;1;
368;01lcbarrosa;1;
369;01lcfurtado;1;
370;01lclsilva;1;
371;01lctomei;1;
372;01lfernandes;1;
373;01lfgoncalve;1;
374;01lfpessigui;1;
375;01lfranchini;1;
376;01lfraqueta;1;
377;01lgabriel;1;
378;01lhirata;1;
379;01llbastos;1;
380;01lmcarmo;1;
381;01lmgmartins;1;
382;01lmmatiello;1;
383;01lmpauzer;1;
384;01lmquarti;1;
385;01lmsouza;1;
386;01lnfontes;1;
387;01loliveira;1;
388;01lpaiva;1;
389;01lpaugusto;1;
390;01lplopes;1;
391;01lpmatos;1;
392;01lpsitta;1;
393;01lrampone;1;
394;01lrcamilo;1;
395;01lrdomingos;1;
396;01lrosano;1;
397;01lrsilva;1;
398;01lsbrodrigu;1;
399;01lschaves;1;
400;01lsfranca;1;
401;01lsoliveira;1;
402;01lsperoto;1;
403;01lsperoto-2;1;
404;01lssoares;1;
405;01ltcamara;1;
406;01ltcrocha;1;
407;01ltferreira;1;
408;01lvhanson;1;
409;01magalvao;1;
410;01malbertini;1;
411;01mamgirardi;1;
412;01marneto;1;
413;01masantos;1;
414;01maspinola;1;
415;01mbitencour;1;
416;01mbramos;1;
417;01mbsantos;1;
418;01mbsouza;1;
419;01mcabrito;1;
420;01mcallegari;1;
421;01mcassan;1;
422;01mcgodoi;1;
423;01mcjsouza;1;
424;01mdgcunha;1;
425;01meperes;1;
426;01mfavinha;1;
427;01mfcastella;1;
428;01mflima;1;
429;01mfsavone;1;
430;01mgoncalves;1;
431;01mgsouza;1;
432;01mgusmao;1;
433;01mhangrad;1;
434;01mhlsilva;1;
435;01mholiveira;1;
436;01mhristov;1;
437;01mhsilva;1;
438;01miarantes;1;
439;01mismelon;1;
440;01mjacobucc;1;
441;01mjaraujo;1;
442;01mjmachado;1;
443;01mkaram;1;
444;01mkkpereira;1;
445;01mladeira;1;
446;01mlea;1;
447;01mlisboa;1;
448;01mlsmoura;1;
449;01mlxavier;1;
450;01mmartignon;1;
451;01mmdorl;1;
452;01mmgalvao;1;
453;01mmreis;1;
454;01mmserafim;1;
455;01mmsilva;1;
456;01mparaujo;1;
457;01mpereira;1;
458;01mpsantos;1;
459;01mpteixeira;1;
460;01mragnini;1;
461;01mrcunha;1;
462;01mrodrigues;1;
463;01mrpinheiro;1;
464;01mrsilva;1;
465;01msales;1;
466;01msanches;1;
467;01msantos;1;
468;01mshinoar;1;
469;01msilva;1;
470;01mslima;1;
471;01msmaia;1;
472;01msoares;1;
473;01mspereira;1;
474;01mspereira2;1;
475;01msramos;1;
476;01mssantos;1;
477;01mssilva;1;
478;01mssouza;1;
479;01msvaz;1;
480;01mtanobile;1;
481;01mtotsugi;1;
482;01mvcabral;1;
483;01mvcarneiro;1;
484;01mwilliam;1;
485;01nalmeida;1;
486;01nbcunha;1;
487;01nchiuratto;1;
488;01nfrugis;1;
489;01nguandalin;1;
490;01nmbalmeida;1;
491;01noliveira;1;
492;01npalmeida;1;
493;01nsales;1;
494;01ocezequiel;1;
495;01omrsantos;1;
496;01paegas;1;
497;01papinheiro;1;
498;01pbigoli;1;
499;01pcoliveira;1;
500;01pescosta;1;
501;01pfkanni;1;
502;01pgbenine;1;
503;01pguedes;1;
504;01phunglaub;1;
505;01pmagalhaes;1;
506;01pmguedes;1;
507;01pmiguel;1;
508;01pmsilva;1;
509;01prbernardi;1;
510;01psantos;1;
511;01pwpirozzi;1;
512;01raassis;1;
513;01ralves;1;
514;01raoliva;1;
515;01rasurian;1;
516;01ravcunha;1;
517;01ravencerla;1;
518;01rbteixeira;1;
519;01rbvaccari;1;
520;01rcbinati;1;
521;01rcduarte;1;
522;01rchimabuco;1;
523;01rcley;1;
524;01rcpattaro;1;
525;01rcpeixoto;1;
526;01rcszaman;1;
527;01rdarccin;1;
528;01rdasilva;1;
529;01rdmassola;1;
530;01reiglesias;1;
531;01rfdantas;1;
532;01rfdarccin;1;
533;01rflira;1;
534;01rfvas;1;
535;01rggodoi;1;
536;01risrael;1;
537;01risrael-2;1;
538;01rjtito;1;
539;01rkimoto;1;
540;01rlandrade;1;
541;01rlima;1;
542;01rlmarconi;1;
543;01rloliveira;1;
544;01rlrodrigue;1;
545;01rlsilva;1;
546;01rmcosta;1;
547;01rmferreira;1;
548;01rmgandini;1;
549;01rmsouza;1;
550;01rolima;1;
551;01roliveira;1;
552;01rpromero;1;
553;01rpsilva;1;
554;01rptamosait;1;
555;01rrcosta;1;
556;01rrhernande;1;
557;01rrsilva;1;
558;01rscarvalho;1;
559;01rscoelho;1;
560;01rscosta;1;
561;01rsilva;1;
562;01rsimidamor;1;
563;01rsobreira;1;
564;01rsoliveira;1;
565;01rspatuzzi;1;
566;01rsramos;1;
567;01rsribeiro;1;
568;01rtalmeida;1;
569;01rtxavier;1;
570;01rvbsilva;1;
571;01rvgarcia;1;
572;01rzanete;1;
573;01saabreu;1;
574;01salcmatheu;1;
575;01sanjos;1;
576;01sapedro;1;
577;01saroder;1;
578;01sbacardoso;1;
579;01sbenittes;1;
580;01scdias;1;
581;01scfachetti;1;
582;01scmatiazzi;1;
583;01scsjunior;1;
584;01seornellas;1;
585;01sfsandes;1;
586;01sgiozzi;1;
587;01smanoel;1;
588;01smfacanha;1;
589;01smsilva;1;
590;01smxaguiar;1;
591;01spramos;1;
592;01srdborghi;1;
593;01srlima;1;
594;01ssarachini;1;
595;01ssdrodrigu;1;
596;01ssfrancisc;1;
597;01ssribeiro;1;
598;01ssribeiro2;1;
599;01swaichenbe;1;
600;01tamandress;1;
601;01tcoelho;1;
602;01tcsilva;1;
603;01tcsousa;1;
604;01tcvzanetti;1;
605;01tdastolphi;1;
606;01tdaugusto;1;
607;01testelogin;1;
608;01tfaborges;1;
609;01tfdsilva;1;
610;01tfrancisco;1;
611;01tfsilva;1;
612;01tftpacheco;1;
613;01tgagliardi;1;
614;01tgarcia;1;
615;01tjgouveia;1;
616;01tjvmendes;1;
617;01tlspereira;1;
618;01tmlaje;1;
619;01tmzamproni;1;
620;01tnbispo;1;
621;01tnchaga;1;
622;01todavid;1;
623;01tonobile;1;
624;01tosilva;1;
625;01tquartiero;1;
626;01trcaiado;1;
627;01trtalmeida;1;
628;01tsalgueiro;1;
629;01tsandrade;1;
630;01tsdsilva;1;
631;01tsneves;1;
632;01tsoliveira;1;
633;01tssilva;1;
634;01tssilva2;1;
635;01tvtleite;1;
636;01vbsjunior;1;
637;01vcbispo;1;
638;01vcggireli;1;
639;01vcssantos;1;
640;01vdlima;1;
641;01vebarbosa;1;
642;01vebarbosa2;1;
643;01vfalmeida;1;
644;01vfcandrade;1;
645;01vfsilva;1;
646;01vgkanashi;1;
647;01vhbasile;1;
648;01vizabo;1;
649;01vksantos;1;
650;01vlrpontin;1;
651;01vmcmoreira;1;
652;01vmmoraes;1;
653;01vmteran;1;
654;01vpereira;1;
655;01vpodadera;1;
656;01vroliveira;1;
657;01vrsalla;1;
658;01vrsantos;1;
659;01vrszabados;1;
660;01vscosta;1;
661;01vsgomes;1;
662;01vssilva;1;
663;01vssiqueira;1;
664;01waaugusto;1;
665;01waoliveira;1;
666;01wasantos;1;
667;01wbpereira;1;
668;01wcruz;1;
669;01wereis;1;
670;01wfsantos;1;
671;01wgoncalves;1;
672;01wmartins;1;
673;01wmata;1;
674;01wmssilva;1;
675;01wnsilva;1;
676;01wpbonetti;1;
677;01wpelon;1;
678;01wrodrigues;1;
679;01wsantos;1;
680;01wsantos-2;1;
681;01wsassis;1;
682;01wssjunior;1;
683;01yfsantos;1;
684;01zconceicao;1;
685;03aamaral;1;
686;03acrocha;1;
687;03acterres;1;
688;03adrocha;1;
689;03aduarte;1;
690;03aescardoso;1;
691;03aescaroso;1;
692;03afduarte;1;
693;03ahnunes;1;
694;03alsilva;1;
695;03aluz;1;
696;03amachado;1;
697;03ambarbosa;1;
698;03amvicente;1;
699;03apfranca;1;
700;03apmombach;1;
701;03apowicki;1;
702;03ascastilho;1;
703;03aziglia;1;
704;03bcjanke;1;
705;03bfreitas;1;
706;03caaraujo;1;
707;03caklain;1;
708;03cassilveir;1;
709;03cdkenne;1;
710;03cectavares;1;
711;03cfgouvea;1;
712;03cflopes;1;
713;03cfmjunior;1;
714;03cgmachado;1;
715;03cisalmeida;1;
716;03clgomes;1;
717;03cmsganzela;1;
718;03comendes;1;
719;03crbrasil;1;
720;03crfagundes;1;
721;03crsilveira;1;
722;03csantana;1;
723;03csgutierre;1;
724;03cslang;1;
725;03cssouza;1;
726;03cvaraujo;1;
727;03dbbock;1;
728;03dccampos;1;
729;03dccmapos;1;
730;03dcmedeiros;1;
731;03dcromeira;1;
732;03dfgarcia;1;
733;03dgnunes;1;
734;03dkcosta;1;
735;03dlacerda;1;
736;03dlcorrea;1;
737;03dlwebber;1;
738;03dmcosta;1;
739;03doliveira;1;
740;03dosilva;1;
741;03dppinheiro;1;
742;03dsfagundes;1;
743;03dvmartins;1;
744;03dwebber;1;
745;03egsilva;1;
746;03enmattos;1;
747;03epwachholz;1;
748;03esatonino;1;
749;03ewaschholz;1;
750;03fbartz;1;
751;03fdcunha;1;
752;03ffrodrigue;1;
753;03fioliveira;1;
754;03fosilva;1;
755;03fotoledo;1;
756;03fpjardim;1;
757;03gbmachado;1;
758;03gfaffeldt;1;
759;03gfsoares;1;
760;03givargas;1;
761;03gkonflanz;1;
762;03grsilva;1;
763;03hsaravia;1;
764;03hsbarwaldt;1;
765;03iapacheco;1;
766;03icchagas;1;
767;03ilmoura;1;
768;03iskober;1;
769;03itsilva;1;
770;03jaroliveir;1;
771;03jcschwalm;1;
772;03jdsilveira;1;
773;03jfranz;1;
774;03jglindeman;1;
775;03jisquierdo;1;
776;03jlbarros;1;
777;03jmbraga;1;
778;03jmduarte;1;
779;03jmoliveira;1;
780;03jpmoreno;1;
781;03jreichel;1;
782;03jrmeireles;1;
783;03jrpereira;1;
784;03jrvieira;1;
785;03jsfarias;1;
786;03jsprestes;1;
787;03jthurmer;1;
788;03jtmlopes;1;
789;03kcdias;1;
790;03krmiranda;1;
791;03kssilva;1;
792;03lalvieira;1;
793;03lammatos;1;
794;03lcvoigt;1;
795;03lfboeira;1;
796;03lfmartins;1;
797;03lfreitas;1;
798;03lfribeiro;1;
799;03lgarcia;1;
800;03loliveira;1;
801;03lostemberg;1;
802;03lplopes;1;
803;03lreis;1;
804;03lsnolasco;1;
805;03lsostember;1;
806;03ltalmeida;1;
807;03lvreinaldo;1;
808;03lvroblewsk;1;
809;03lwille;1;
810;03masantana;1;
811;03mbbrito;1;
812;03mblopes;1;
813;03mcbilaski;1;
814;03mcribeiro;1;
815;03mkandrade;1;
816;03mnduarte;1;
817;03mnpinheiro;1;
818;03momoura;1;
819;03mparaujo;1;
820;03mrfarias;1;
821;03mrferreira;1;
822;03mrfroner;1;
823;03mrfsantos;1;
824;03mrosa;1;
825;03msfagundes;1;
826;03mssantos;1;
827;03mvmachado;1;
828;03njmachado;1;
829;03nvsantos;1;
830;03papagani;1;
831;03pcsoliveir;1;
832;03pfcunha;1;
833;03ppscherota;1;
834;03prsouza;1;
835;03ratavares;1;
836;03rgastaud;1;
837;03rlssantos;1;
838;03roliveira;1;
839;03rrmarques;1;
840;03rsalatti;1;
841;03rsaraujo;1;
842;03rsrodrigue;1;
843;03rssantos;1;
844;03sagrellert;1;
845;03sdqueiroz;1;
846;03smaron;1;
847;03smcoelho;1;
848;03somoura;1;
849;03sqcamillo;1;
850;03tgsantana;1;
851;03tgsantos;1;
852;03topitana;1;
853;03tsferreira;1;
854;03tshugo;1;
855;03tsribeiro;1;
856;03vjrosa;1;
857;03vmcampos;1;
858;03vmcmoreira;1;
859;03vpogorzels;1;
860;03vrdias;1;
861;03vrodrigues;1;
862;03vsavila;1;
863;03vvpereira;1;
864;03wgbarbosa;1;
865;03wmfriedric;1;
866;03wppeter;1;
867;04aaalves;1;
868;04aafreitas;1;
869;04aamarques;1;
870;04abatista;1;
871;04acfernande;1;
872;04acgreco;1;
873;04acwirigar;1;
874;04afernandes;1;
875;04akeller;1;
876;04alfarias;1;
877;04alfvignole;1;
878;04almesquita;1;
879;04ammanzoni;1;
880;04amoreira;1;
881;04aovasconce;1;
882;04arampelott;1;
883;04arribeiro;1;
884;04arsantos;1;
885;04asgveppo;1;
886;04asibalde;1;
887;04aviana;1;
888;04bfnrosa;1;
889;04bgalderete;1;
890;04bhaespindo;1;
891;04bsnaoe;1;
892;04btodeschin;1;
893;04cabiasi;1;
894;04cagimenez;1;
895;04cdssilva;1;
896;04cemotta;1;
897;04cfbonetti;1;
898;04cgarcia;1;
899;04cgmessa;1;
900;04cmarruda;1;
901;04cmferis;1;
902;04cmhoppe;1;
903;04cpassamani;1;
904;04crsilva;1;
905;04cscariot;1;
906;04cslucas;1;
907;04csrodrigue;1;
908;04dfferrao;1;
909;04dfserpa;1;
910;04dlmachado;1;
911;04dlpbarbosa;1;
912;04dmhoppe;1;
913;04dmrosa;1;
914;04dogoncalve;1;
915;04dpadolpho;1;
916;04dpcardoso;1;
917;04dpnascimen;1;
918;04dprestes;1;
919;04eassuncao;1;
920;04ebbonfim;1;
921;04efdias;1;
922;04elsilva;1;
923;04embahi;1;
924;04embraga;1;
925;04epassos;1;
926;04erdjunior;1;
927;04ersilva;1;
928;04esavedra;1;
929;04espacheco;1;
930;04etblima;1;
931;04fbdsilva;1;
932;04fbmoura;1;
933;04ffcomasset;1;
934;04fgkasali;1;
935;04fhlopes;1;
936;04flmatos;1;
937;04frgomes;1;
938;04frsouza;1;
939;04fsperes;1;
940;04gbalensief;1;
941;04gcarvalho;1;
942;04gfpasteggi;1;
943;04ggarcia;1;
944;04gmlopes;1;
945;04gpsilva;1;
946;04gribeiro;1;
947;04gscampagne;1;
948;04hpchamorra;1;
949;04htrindade;1;
950;04iagoliveir;1;
951;04idias;1;
952;04ifigueredo;1;
953;04jaflemos;1;
954;04jafreitas;1;
955;04jaramburu;1;
956;04jbarbosa;1;
957;04jbarros;1;
958;04jcampagner;1;
959;04jcasabonn;1;
960;04jcasabonne;1;
961;04jcbsantos;1;
962;04jcqbneto;1;
963;04jcrsantos;1;
964;04jecabreira;1;
965;04jeccabreir;1;
966;04jegarcia;1;
967;04jffbfilho;1;
968;04jgalhardo;1;
969;04jholiveira;1;
970;04jjdteixeir;1;
971;04jlgjunior;1;
972;04jmanzoni;1;
973;04jmmjunior;1;
974;04jmsilva;1;
975;04jnpaz;1;
976;04jotpjunior;1;
977;04jpalderete;1;
978;04jrpcosta;1;
979;04jssilva;1;
980;04jssilveira;1;
981;04jtialves;1;
982;04jvilmar;1;
983;04kdrosa;1;
984;04kmartini;1;
985;04lbarz;1;
986;04lcsilva;1;
987;04lespinosa;1;
988;04lflemos;1;
989;04lfmallmann;1;
990;04lggomes;1;
991;04lhferreira;1;
992;04ljbubans;1;
993;04llemos;1;
994;04lmscoto;1;
995;04lreis;1;
996;04lrnunes;1;
997;04lsgomes;1;
998;04lssiqueira;1;
999;04lvellozo;1;
1000;04maveppo;1;
1001;04mcfalcao;1;
1002;04mcsilva;1;
1003;04mfpires;1;
1004;04mgcardoso;1;
1005;04mgodoy;1;
1006;04mgudolle;1;
1007;04mkulmann;1;
1008;04mmbarbo;1;
1009;04mmsanches;1;
1010;04mnunes;1;
1011;04mpsilva;1;
1012;04mrampelott;1;
1013;04mroliveira;1;
1014;04mrsilva;1;
1015;04msbgodoy;1;
1016;04mssantana;1;
1017;04nbernardes;1;
1018;04nfsafons;1;
1019;04nrsilva;1;
1020;04nsancho;1;
1021;04ojmendes;1;
1022;04pcbruck;1;
1023;04pcpozzebon;1;
1024;04pfschwarze;1;
1025;04pmgoulart;1;
1026;04pmunis;1;
1027;04ppsanches;1;
1028;04rabusnello;1;
1029;04rasouto;1;
1030;04rcboeira;1;
1031;04rdmota;1;
1032;04rfgoulart;1;
1033;04rfpazetto;1;
1034;04rgdornelle;1;
1035;04rmfarias;1;
1036;04rmpacheco;1;
1037;04romatos;1;
1038;04rpare;1;
1039;04rpcjunior;1;
1040;04rpinheiro;1;
1041;04rpmessina;1;
1042;04rpribeiro;1;
1043;04rprossi;1;
1044;04rsataide;1;
1045;04rsbelmonte;1;
1046;04rsilva;1;
1047;04rsnunes;1;
1048;04sbernardes;1;
1049;04scrodrigue;1;
1050;04sdallanora;1;
1051;04smrilo;1;
1052;04soliveira;1;
1053;04ssoares;1;
1054;04sssiqueira;1;
1055;04tfernandes;1;
1056;04tlscarrone;1;
1057;04tmanjos;1;
1058;04tsantos;1;
1059;04ttborges;1;
1060;04vbarbosa;1;
1061;04vbescobar;1;
1062;04vdmartins;1;
1063;04vfgdias;1;
1064;04vmpires;1;
1065;04vprodrigue;1;
1066;04wmiranda;1;
1067;04wnsilveira;1;
1068;06eassuncao;1;
1069;06embahi;1;
1070;06jbarbosa;1;
1071;06kmartini;1;
1072;06mgcardoso;1;
1073;06mgodoy;1;
1074;06paaraujo;1;
1075;06rmpacheco;1;
1076;06tfernandes;1;
1077;07aafreitas;1;
1078;07ajfsilva;1;
1079;07akeller;1;
1080;07ammachado;1;
1081;07ammanzoni;1;
1082;07amoreira;1;
1083;07btsantos;1;
1084;07cagimenez;1;
1085;07cdssilva;1;
1086;07clmfilho;1;
1087;07cpassamani;1;
1088;07dpcardoso;1;
1089;07dsclos;1;
1090;07eassuncao;1;
1091;07egkulmann;1;
1092;07embahi;1;
1093;07fbmoura;1;
1094;07flmatos;1;
1095;07gcarvalho;1;
1096;07gcrosa;1;
1097;07gdspaes;1;
1098;07ggarcia;1;
1099;07gnnery;1;
1100;07gribeiro;1;
1101;07htrindade;1;
1102;07ifperes;1;
1103;07jbarbosa;1;
1104;07jecabreira;1;
1105;07jetoja;1;
1106;07jmmjunior;1;
1107;07kmartini;1;
1108;07lmbarboza;1;
1109;07lmscoto;1;
1110;07lsvalenca;1;
1111;07lveloso;1;
1112;07mcbfortes;1;
1113;07mgcardoso;1;
1114;07mgodoy;1;
1115;07mgudolle;1;
1116;07mnunes;1;
1117;07msbastos;1;
1118;07rabezerra;1;
1119;07rasouto;1;
1120;07rfgoulart;1;
1121;07rmpacheco;1;
1122;07rpinheiro;1;
1123;07rsilva;1;
1124;07sbernardes;1;
1125;07scrodrigue;1;
1126;07soliveira;1;
1127;07sovasconce;1;
1128;07ssoares;1;
1129;07sssiqueira;1;
1130;07tfernandes;1;
1131;07wfloureiro;1;
1132;07wsberguer;1;
1133;07wvsoares;1;
1134;07wvsoarestm;1;
1135;08afsilva;1;
1136;08ajsilva;1;
1137;08dapereira;1;
1138;08eassuncao;1;
1139;08ifleguica;1;
1140;08jbarbosa;1;
1141;08jlqueiroz;1;
1142;08kmartini;1;
1143;08lafernande;1;
1144;08mgcardoso;1;
1145;08mgudolle;1;
1146;08mmfarias;1;
1147;08mrdorneles;1;
1148;08rfgoulart;1;
1149;08rmpacheco;1;
1150;08sssiqueira;1;
1151;08tfernandes;1;
1152;09abatista;1;
1153;09apcorrea;1;
1154;09eassuncao;1;
1155;09embahi;1;
1156;09fgbarros;1;
1157;09foliveira;1;
1158;09jbarbosa;1;
1159;09jecabreira;1;
1160;09jfloureiro;1;
1161;09mgcardoso;1;
1162;09mgodoy;1;
1163;09rfgoulart;1;
1164;09rmpacheco;1;
1165;09tfernandes;1;
1166;09wsmsena;1;
1167;10advosantos;1;
1168;10amgsilva;1;
1169;10amsantos;1;
1170;10aplopes;1;
1171;10arpsena;1;
1172;10asilva;1;
1173;10cagostinho;1;
1174;10casilva;1;
1175;10cbsilva;1;
1176;10cmccearens;1;
1177;10crsilva;1;
1178;10dbsantos;1;
1179;10eclima;1;
1180;10ecocabral;1;
1181;10ectenorio;1;
1182;10efsilva;1;
1183;10emnascimen;1;
1184;10epgomes;1;
1185;10exavier;1;
1186;10faamatta;1;
1187;10fcrodrigue;1;
1188;10ffsilva;1;
1189;10ffsouza;1;
1190;10fgnascimen;1;
1191;10ftadeu;1;
1192;10gfsantos;1;
1193;10gpbneto;1;
1194;10gvsilva;1;
1195;10iamedeiros;1;
1196;10icsantana;1;
1197;10ipbneto;1;
1198;10jassantos;1;
1199;10jbsousa;1;
1200;10jjsantana;1;
1201;10jnmaximo;1;
1202;10jvaaguiar;1;
1203;10lalbuquerq;1;
1204;10lfpaiva;1;
1205;10lgferreira;1;
1206;10ltsnunes;1;
1207;10mbsilva;1;
1208;10mosantana;1;
1209;10mprocha;1;
1210;10mtveras;1;
1211;10mvbezerra;1;
1212;10mvsbezerra;1;
1213;10paafilho;1;
1214;10pcfmelo;1;
1215;10pocorreia;1;
1216;10psgomes;1;
1217;10rbunde;1;
1218;10rcsena;1;
1219;10rfcaldas;1;
1220;10sbarbosa;1;
1221;10srcarneiro;1;
1222;10vblima;1;
1223;10wgssaturno;1;
1224;10wrmartins;1;
1225;10wsantos;1;
1226;11caaraujo;1;
1227;11cgmachado;1;
1228;11dcromeira;1;
1229;11gbmachado;1;
1230;11grsilva;1;
1231;11jrmeireles;1;
1232;11lsnolasco;1;
1233;11ltalmeida;1;
1234;11mbbrito;1;
1235;11msfagundes;1;
1236;12amoraes;1;
1237;12cafarias;1;
1238;12crmanente;1;
1239;12dafonseca;1;
1240;12dbsmelo;1;
1241;12eassuncao;1;
1242;12fmbelmonte;1;
1243;12ischenini;1;
1244;12jamartins;1;
1245;12jbarbosa;1;
1246;12jcgbastos;1;
1247;12kmartini;1;
1248;12mgcardoso;1;
1249;12mgudolle;1;
1250;12nesilva;1;
1251;12rbenites;1;
1252;12rfgoulart;1;
1253;12rmpacheco;1;
1254;12sssiqueira;1;
1255;12tfernandes;1;
1256;12vcssantos;1;
1257;13cscosta;1;
1258;13fasilva;1;
1259;13jgoncalves;1;
1260;13mbrovaris;1;
1261;13sresende;1;
1262;14afmendes;1;
1263;14alplopes;1;
1264;14ammartins;1;
1265;14aprado;1;
1266;14asbatista;1;
1267;14bsassuncao;1;
1268;14btasobrinh;1;
1269;14cepbatista;1;
1270;14dfsilva;1;
1271;14dginacio;1;
1272;14docunha;1;
1273;14eabarros;1;
1274;14eamartins;1;
1275;14ecomis;1;
1276;14ecsjunior;1;
1277;14eramos;1;
1278;14ermoura;1;
1279;14esmoreira;1;
1280;14fmffreitas;1;
1281;14frporto;1;
1282;14fsflorido;1;
1283;14fsramos;1;
1284;14gmcury;1;
1285;14grfarias;1;
1286;14gspaes;1;
1287;14hcrsampaio;1;
1288;14ilborges;1;
1289;14isreis;1;
1290;14jareichow;1;
1291;14jccqueiroz;1;
1292;14jccruz;1;
1293;14jfsantos;1;
1294;14jmpozzebon;1;
1295;14lfwfernand;1;
1296;14lmaleite;1;
1297;14lmsilva;1;
1298;14lpfvcorrei;1;
1299;14lpsouza;1;
1300;14mafferreir;1;
1301;14marsilva;1;
1302;14mldsilva;1;
1303;14mlsilva;1;
1304;14naraujo;1;
1305;14oajunior;1;
1306;14rbaddauhy;1;
1307;14rcastro;1;
1308;14rcolegario;1;
1309;14rppontes;1;
1310;14rssfreitas;1;
1311;14scaleixo;1;
1312;14spfleite;1;
1313;14swgranado;1;
1314;14tcrosa;1;
1315;14tlvieira;1;
1316;14vespindola;1;
1317;14vglima;1;
1318;14vpoliveira;1;
1319;14wtecio;1;
1320;15amiguel;1;
1321;15calmfilho;1;
1322;15ctlevy;1;
1323;15dmonteiro;1;
1324;15ecrodrigue;1;
1325;15emsazevedo;1;
1326;15eqojunior;1;
1327;15fcatucci;1;
1328;15fmfreitas;1;
1329;15fnqueiroz;1;
1330;15iosouza;1;
1331;15jlpalexand;1;
1332;15lmarocha;1;
1333;15mamenezes;1;
1334;15meblinhare;1;
1335;15mramos;1;
1336;15nfsousa;1;
1337;15rabezarra;1;
1338;15rjassis;1;
1339;15rnlima;1;
1340;15rslins;1;
1341;15taaraujo;1;
1342;15wmpaula;1;
1343;16abfilho;1;
1344;16arsilva;1;
1345;16dbueno;1;
1346;16dosouto;1;
1347;16ejaviana;1;
1348;16esvieira;1;
1349;16fgbarbosa;1;
1350;16fosilva;1;
1351;16grmsantos;1;
1352;16hmcosta;1;
1353;16jacosta;1;
1354;16jslima;1;
1355;16kcferreira;1;
1356;16larsantos;1;
1357;16mhbsilva;1;
1358;16njaferreir;1;
1359;16nribeiro;1;
1360;16owrodrigue;1;
1361;16rkmoraes;1;
1362;16rpcsilva;1;
1363;16rsilverio;1;
1364;16satristao;1;
1365;17aesantos;1;
1366;17agsfilho;1;
1367;17ajrsantos;1;
1368;17alazevedo;1;
1369;17asfabri;1;
1370;17cagjardim;1;
1371;17dasantos;1;
1372;17dgsales;1;
1373;17drcosta;1;
1374;17emtsimoes;1;
1375;17escouto;1;
1376;17fcribeiro;1;
1377;17fdpena;1;
1378;17fsfernande;1;
1379;17gffernande;1;
1380;17hjpereira;1;
1381;17ijmarques;1;
1382;17jmarques;1;
1383;17jsadi;1;
1384;17kacsilva;1;
1385;17marocha;1;
1386;17mcfrank;1;
1387;17mfmsilva;1;
1388;17mnjosafa;1;
1389;17mtlmelo;1;
1390;17rasilva;1;
1391;17rmneneghin;1;
1392;17rvsilva;1;
1393;17sfoliveira;1;
1394;17sgguimarae;1;
1395;17slluiz;1;
1396;17tcrlacerta;1;
1397;17tmmhudson;1;
1398;18jclima;1;
1399;18npcarvalho;1;
1400;18rmelo;1;
1401;19abarros;1;
1402;19asrocha;1;
1403;19bcmenezes;1;
1404;19cecmatos;1;
1405;19ejesus;1;
1406;19elsouza;1;
1407;19fbconceica;1;
1408;19fmcpacheco;1;
1409;19gsslopes;1;
1410;19isaraujo;1;
1411;19jspinheiro;1;
1412;19lsgomes;1;
1413;19mcfernande;1;
1414;19msfalcao;1;
1415;19rjsantana;1;
1416;19romartins;1;
1417;19rsadi;1;
1418;19tpester;1;
1419;19vnsouza;1;
1420;19wmata;1;
1421;20ccustodio;1;
1422;20clfonseca;1;
1423;20dssoares;1;
1424;20ivpereira;1;
1425;20jtavares;1;
1426;20lgsantos;1;
1427;20mdmelo;1;
1428;20zacunha;1;
1429;21aacosta;1;
1430;21accleda;1;
1431;21acdcabral;1;
1432;21csilveira;1;
1433;21emfjunior;1;
1434;21emneres;1;
1435;21essousa;1;
1436;21esteixeira;1;
1437;21fhateixeir;1;
1438;21fjssodre;1;
1439;21hmpinheiro;1;
1440;21lalhadef;1;
1441;21mfpmendes;1;
1442;21mparaujo;1;
1443;21mssilva;1;
1444;21rmraposo;1;
1445;21rsfonseca;1;
1446;21slbarros;1;
1447;21wscoimbra;1;
1448;22grsouza;1;
1449;22ncsantana;1;
1450;22rrabreu;1;
1451;23acmartins;1;
1452;23camoreira;1;
1453;23fviana;1;
1454;23mrsilva;1;
1455;24amsrodrigu;1;
1456;24apbeira;1;
1457;24apgomes;1;
1458;24arodrigues;1;
1459;24arsantos;1;
1460;24asmachado;1;
1461;24astelexa;1;
1462;24atcolvara;1;
1463;24bccosta;1;
1464;24bjrjacques;1;
1465;24bpsilva;1;
1466;24cbarros;1;
1467;24ccabistany;1;
1468;24ccsilva;1;
1469;24cmrutz;1;
1470;24csrodrigue;1;
1471;24dbitencour;1;
1472;24ddppires;1;
1473;24dgoncalves;1;
1474;24domelo;1;
1475;24drsilva;1;
1476;24dsmendes;1;
1477;24edamaral;1;
1478;24elcorrea;1;
1479;24emagalhaes;1;
1480;24emmagalhae;1;
1481;24ensilva;1;
1482;24erodrigues;1;
1483;24esgarcia;1;
1484;24fccosta;1;
1485;24fcsosa;1;
1486;24fmpaulsen;1;
1487;24fpolmedo;1;
1488;24frsrodrigu;1;
1489;24gfsouza;1;
1490;24gsmorales;1;
1491;24hsaravia;1;
1492;24icpereira;1;
1493;24imazevedo;1;
1494;24itlourenco;1;
1495;24jbbrito;1;
1496;24jlaguiar;1;
1497;24jmendonca;1;
1498;24jmlopes;1;
1499;24jplsoares;1;
1500;24jscoronel;1;
1501;24jslopes;1;
1502;24lalima;1;
1503;24lcvalente;1;
1504;24lmgoncalve;1;
1505;24lnbracao;1;
1506;24lnbrancao;1;
1507;24lneves;1;
1508;24lpacosta;1;
1509;24lrmmoraes;1;
1510;24lrsilva;1;
1511;24macerchia;1;
1512;24macerchiar;1;
1513;24mamartins;1;
1514;24maribeiro;1;
1515;24mbblemos;1;
1516;24mbmachado;1;
1517;24mcfurtado;1;
1518;24mhsilva;1;
1519;24mrbederode;1;
1520;24mrmachado;1;
1521;24mscardoso;1;
1522;24msfagundes;1;
1523;24mslilja;1;
1524;24msvaucher;1;
1525;24mttavares;1;
1526;24nbraga;1;
1527;24nocardoso;1;
1528;24nrzxavier;1;
1529;24plopes;1;
1530;24ppquadros;1;
1531;24psguimarae;1;
1532;24psmknuth;1;
1533;24psotero;1;
1534;24racampos;1;
1535;24rlratto;1;
1536;24rmbarros;1;
1537;24rngarcia;1;
1538;24rpbeira;1;
1539;24rpfunchal;1;
1540;24rplaval;1;
1541;24rplavall;1;
1542;24rscardoso;1;
1543;24rsfarias;1;
1544;24scserpa;1;
1545;24sweber;1;
1546;24tdias;1;
1547;24tgbrancao;1;
1548;24tpribas;1;
1549;24tscorpes;1;
1550;24tspinto;1;
1551;24upmattoso;1;
1552;24vgdoro;1;
1553;24vhcruz;1;
1554;24vhctaveira;1;
1555;24vlneves;1;
1556;24zacunha;1;
1557;27acdcabral;1;
1558;27apteixeira;1;
1559;27bpoliveira;1;
1560;27caaraujo;1;
1561;27cssilva;1;
1562;27dlsantana;1;
1563;27efafernand;1;
1564;27efmonteiro;1;
1565;27fcsantos;1;
1566;27fmsousa;1;
1567;27fsantos;1;
1568;27fsmartins;1;
1569;27gmbarbosa;1;
1570;27goliveira;1;
1571;27hsantos;1;
1572;27isbsousa;1;
1573;27jgarcia;1;
1574;27joliveira;1;
1575;27lcserra;1;
1576;27llferreira;1;
1577;27lmflima;1;
1578;27lreis;1;
1579;27mbbrito;1;
1580;27mmsilva;1;
1581;27rcnogueira;1;
1582;27rlferreira;1;
1583;27rmsconceic;1;
1584;27wncastro;1;
1585;28aaalves;1;
1586;28aandrade;1;
1587;28abertotti;1;
1588;28abmoliveir;1;
1589;28aborowski;1;
1590;28acbochi;1;
1591;28acricobom;1;
1592;28afgularte;1;
1593;28afrizanco;1;
1594;28afsantos;1;
1595;28agsouza;1;
1596;28ajdsilva;1;
1597;28ajricobom;1;
1598;28ajunkes;1;
1599;28akramos;1;
1600;28amalvareng;1;
1601;28amlima;1;
1602;28ammendes;1;
1603;28amrodrigue;1;
1604;28aoarruda;1;
1605;28apavi;1;
1606;28apereira;1;
1607;28apferreira;1;
1608;28aphorocosk;1;
1609;28apontioli;1;
1610;28apsantos;1;
1611;28apteixeira;1;
1612;28aqbittenco;1;
1613;28arodrigues;1;
1614;28arrcosta;1;
1615;28asantos;1;
1616;28asonarsima;1;
1617;28avrosa;1;
1618;28azsilveira;1;
1619;28bcpita;1;
1620;28bgiovane;1;
1621;28bprovesi;1;
1622;28cccordeiro;1;
1623;28ccordeiro;1;
1624;28cfaneukom;1;
1625;28cjazzini;1;
1626;28cmferreira;1;
1627;28cogrubert;1;
1628;28cpcouto;1;
1629;28cpgribeiro;1;
1630;28crebelo;1;
1631;28cromao;1;
1632;28csambugaro;1;
1633;28csantos;1;
1634;28csgiacomel;1;
1635;28cssinigosk;1;
1636;28ctatsch;1;
1637;28dabstenger;1;
1638;28dcalves;1;
1639;28dcebert;1;
1640;28ddstoll;1;
1641;28deacosta;1;
1642;28dluchtembe;1;
1643;28dmdias;1;
1644;28doliveira;1;
1645;28dsdias;1;
1646;28dstramonti;1;
1647;28dsuavi;1;
1648;28dsvcarball;1;
1649;28ecipriano;1;
1650;28ecsantos;1;
1651;28edreluk;1;
1652;28edsantos;1;
1653;28efsjunior;1;
1654;28eganjos;1;
1655;28egmmoraes;1;
1656;28egraffitti;1;
1657;28egsilva;1;
1658;28ehcamilo;1;
1659;28ekarsten;1;
1660;28elcouto;1;
1661;28elmonteiro;1;
1662;28elsantos;1;
1663;28elteixeira;1;
1664;28emalaquias;1;
1665;28eoliveira;1;
1666;28epcamargo;1;
1667;28epmdias;1;
1668;28erodrigues;1;
1669;28erwjesus;1;
1670;28evoltolini;1;
1671;28facoura;1;
1672;28fasilva;1;
1673;28fcsrimolo;1;
1674;28fdasilva;1;
1675;28ffcoelho;1;
1676;28ffukuta;1;
1677;28fjmelo;1;
1678;28flpereira;1;
1679;28fmantoanel;1;
1680;28fmmarques;1;
1681;28fmsilva;1;
1682;28fpolmeto;1;
1683;28fschwabe;1;
1684;28fsesperand;1;
1685;28fsilva;1;
1686;28fsoliveira;1;
1687;28gbrocha;1;
1688;28gbserejo;1;
1689;28gcorrea;1;
1690;28gcslopes;1;
1691;28gdklein;1;
1692;28gfprovesi;1;
1693;28glbranco;1;
1694;28gmramos;1;
1695;28gmsilva;1;
1696;28gseidler;1;
1697;28gvcosta;1;
1698;28ipetersen;1;
1699;28irodrigues;1;
1700;28jamafra;1;
1701;28janeves;1;
1702;28jasilva;1;
1703;28jberto;1;
1704;28jbmoraes;1;
1705;28jcarvalho;1;
1706;28jcrjesus;1;
1707;28jcscenturi;1;
1708;28jcunha;1;
1709;28jdasilva;1;
1710;28jdebortoli;1;
1711;28jeosilva;1;
1712;28jfsilva;1;
1713;28jglauco;1;
1714;28jlfederovi;1;
1715;28jlisboa;1;
1716;28jmarquetti;1;
1717;28jmcavassin;1;
1718;28jnbarbosa;1;
1719;28jodasilva;1;
1720;28jrnascimen;1;
1721;28jrosinke;1;
1722;28jsalves;1;
1723;28jsaraujo;1;
1724;28jsilva;1;
1725;28jsnogueira;1;
1726;28jsouza;1;
1727;28jsrocha;1;
1728;28jsvieira;1;
1729;28jtabolka;1;
1730;28jvmenezes;1;
1731;28kalexandre;1;
1732;28kcmott;1;
1733;28kmcosta;1;
1734;28laemarques;1;
1735;28lamsantos;1;
1736;28lbabick;1;
1737;28lbittencou;1;
1738;28lclisboa;1;
1739;28ldias;1;
1740;28lecorrea;1;
1741;28lffelisbin;1;
1742;28lforte;1;
1743;28lfrosario;1;
1744;28lfsagas;1;
1745;28ljsantos;1;
1746;28lmbueno;1;
1747;28lntaques;1;
1748;28lqpinto;1;
1749;28lrebelo;1;
1750;28lsilva;1;
1751;28lsouza;1;
1752;28ltsouza;1;
1753;28madsilva;1;
1754;28masantos;1;
1755;28mcborges;1;
1756;28mcegala;1;
1757;28mdcorreia;1;
1758;28mdornelles;1;
1759;28memedeiros;1;
1760;28meunice;1;
1761;28mfwrodrigu;1;
1762;28mgaggiola;1;
1763;28mgreis;1;
1764;28mgsouza;1;
1765;28mlmribeiro;1;
1766;28mlrnascime;1;
1767;28mmaltauro;1;
1768;28mmcouto;1;
1769;28mmorais;1;
1770;28mmpinheiro;1;
1771;28mmsantos;1;
1772;28mmsribeiro;1;
1773;28mncjunior;1;
1774;28mnseverino;1;
1775;28moliveira;1;
1776;28mpandrade;1;
1777;28mpontes;1;
1778;28mrconceica;1;
1779;28mrfrank;1;
1780;28mscapelli;1;
1781;28mtbasil;1;
1782;28mtsluz;1;
1783;28mtspinkosk;1;
1784;28mvgoliveir;1;
1785;28mvsilva;1;
1786;28mwanderhez;1;
1787;28ncfachini;1;
1788;28ndsilva;1;
1789;28nmarques;1;
1790;28nrsilva;1;
1791;28nsilva;1;
1792;28nyjerlich;1;
1793;28ojsjunior;1;
1794;28pateixeira;1;
1795;28pbgianni;1;
1796;28pcaferreir;1;
1797;28pccustodio;1;
1798;28pcsantos;1;
1799;28pdduarte;1;
1800;28pnsjose;1;
1801;28ppereira;1;
1802;28psoliveira;1;
1803;28rasena;1;
1804;28rbochi;1;
1805;28rcperly;1;
1806;28rcvitoti;1;
1807;28rczago;1;
1808;28rdasilva;1;
1809;28resilva;1;
1810;28rfsousa;1;
1811;28rganjos;1;
1812;28rgjferreir;1;
1813;28rloliveira;1;
1814;28rmsantos;1;
1815;28rnsilva;1;
1816;28roalves;1;
1817;28rpedrozo;1;
1818;28rsantos;1;
1819;28rsilva;1;
1820;28rsmarques;1;
1821;28rssantos;1;
1822;28sdomingues;1;
1823;28sdutenhefe;1;
1824;28shalmeida;1;
1825;28sholiveira;1;
1826;28skolln;1;
1827;28slcosta;1;
1828;28smneto;1;
1829;28spacifico;1;
1830;28spliz;1;
1831;28ssfernande;1;
1832;28ssnassar;1;
1833;28stroqueti;1;
1834;28svregis;1;
1835;28tandrade;1;
1836;28tburtet;1;
1837;28tdfernande;1;
1838;28tgdavila;1;
1839;28trbittenco;1;
1840;28trdomar;1;
1841;28trtsilva;1;
1842;28ttesta;1;
1843;28vafogaca;1;
1844;28vcbecker;1;
1845;28vizabo;1;
1846;28vjunior;1;
1847;28vlmasson;1;
1848;28vloliveira;1;
1849;28wagasparot;1;
1850;28wcandido;1;
1851;28wcsandres;1;
1852;28wlgoulart;1;
1853;28woliveira;1;
1854;28wribeiro;1;
1855;29aasilva;1;
1856;29aasjunior;1;
1857;29acvcarvalh;1;
1858;29afcosta;1;
1859;29afigueired;1;
1860;29almaciel;1;
1861;29alrmartins;1;
1862;29alrpenha;1;
1863;29amcosta;1;
1864;29aocosta;1;
1865;29aoliveira;1;
1866;29apandrade;1;
1867;29apmoreira;1;
1868;29apsilva;1;
1869;29areduardo;1;
1870;29aribeiro;1;
1871;29arocha;1;
1872;29asanjos;1;
1873;29ascouto;1;
1874;29asmartins;1;
1875;29asmiller;1;
1876;29aspadua;1;
1877;29assilveira;1;
1878;29assiqueira;1;
1879;29avspontes;1;
1880;29babastos;1;
1881;29bgscorrea;1;
1882;29bspinto;1;
1883;29bvassimon;1;
1884;29caferreira;1;
1885;29ccamara;1;
1886;29ccsouza;1;
1887;29cfamagalha;1;
1888;29cfscosta;1;
1889;29cfsiqueira;1;
1890;29chabarros;1;
1891;29chalmeida;1;
1892;29chtardelli;1;
1893;29cjdeus;1;
1894;29cmsilva;1;
1895;29comendes;1;
1896;29cpfontoura;1;
1897;29cpsilva;1;
1898;29dcalixtrat;1;
1899;29dgasilva;1;
1900;29dgcampos;1;
1901;29djhenrique;1;
1902;29dolpeixoto;1;
1903;29dprobaina;1;
1904;29dscastro;1;
1905;29dsfonseca;1;
1906;29dsmariano;1;
1907;29dtdias;1;
1908;29eacisterna;1;
1909;29eanascimen;1;
1910;29easfilho;1;
1911;29ebmapeli;1;
1912;29ecfontes;1;
1913;29ecgodoy;1;
1914;29efigueired;1;
1915;29efsoares;1;
1916;29egmendonca;1;
1917;29ejjunior;1;
1918;29elafeitosa;1;
1919;29emapeli;1;
1920;29eonascimen;1;
1921;29ergoncalve;1;
1922;29fabarbosa;1;
1923;29facouto;1;
1924;29fglima;1;
1925;29fgribeiro;1;
1926;29fhrseixas;1;
1927;29fljabreu;1;
1928;29fmcpereira;1;
1929;29frnunes;1;
1930;29fstportuga;1;
1931;29gcrojas;1;
1932;29gfamartins;1;
1933;29gfnetto;1;
1934;29gjrocha;1;
1935;29gpanissola;1;
1936;29gsferreira;1;
1937;29gshelena;1;
1938;29gsilva;1;
1939;29hcrodrigue;1;
1940;29ifmalves;1;
1941;29jccabrinha;1;
1942;29jcgervasio;1;
1943;29jchaves;1;
1944;29jfalmeida;1;
1945;29jfmelo;1;
1946;29jpaneto;1;
1947;29jpanselmo;1;
1948;29jrodrigues;1;
1949;29jsoliveira;1;
1950;29lacardoso;1;
1951;29larighe;1;
1952;29lccoutinho;1;
1953;29lconceicao;1;
1954;29lcprocino;1;
1955;29ldsgpid;1;
1956;29ldsilva;1;
1957;29letnogueir;1;
1958;29lgsantos;1;
1959;29lhosilva;1;
1960;29lnpsantos;1;
1961;29lpquintani;1;
1962;29lpsouza;1;
1963;29lrighe;1;
1964;29lrodrigues;1;
1965;29lrsilva;1;
1966;29lsilva;1;
1967;29lsmendonca;1;
1968;29lsvaz;1;
1969;29mafmaciel;1;
1970;29mavicente;1;
1971;29mcaldara;1;
1972;29mcsantana;1;
1973;29mdfreitas;1;
1974;29mdteixeira;1;
1975;29mfmsilva;1;
1976;29mguimaraes;1;
1977;29mjmoliveir;1;
1978;29mmribeiro;1;
1979;29mnasciment;1;
1980;29morsini;1;
1981;29mralves;1;
1982;29navieira;1;
1983;29ncharitoff;1;
1984;29nconceicao;1;
1985;29ndomingues;1;
1986;29pccampos;1;
1987;29pjsilva;1;
1988;29rcapereira;1;
1989;29rcoliveira;1;
1990;29rcrocha;1;
1991;29rcvtellini;1;
1992;29rfittipald;1;
1993;29rfmsilva;1;
1994;29rfrodrigue;1;
1995;29rkcozendey;1;
1996;29rmbsoares;1;
1997;29rngomes;1;
1998;29rrcamilo;1;
1999;29rrgomes;1;
2000;29rsalmeida;1;
2001;29rsantunes;1;
2002;29rsbraga;1;
2003;29rscarmo;1;
2004;29rsebastiao;1;
2005;29rsmarques;1;
2006;29rsrpaula;1;
2007;29rvmargon;1;
2008;29sbsiqueira;1;
2009;29seornellas;1;
2010;29sssouza;1;
2011;29tbraga;1;
2012;29tmaia;1;
2013;29tmfernande;1;
2014;29tnobre;1;
2015;29topadua;1;
2016;29tpaiva;1;
2017;29trmsilva;1;
2018;29tsazevedo;1;
2019;29tzeitune;1;
2020;29vccarneiro;1;
2021;29vcmsilva;1;
2022;29vizabo;1;
2023;29vloureiro;1;
2024;29vmcosta;1;
2025;29vnoliveira;1;
2026;29vpoliveira;1;
2027;29vsfilho;1;
2028;29vsnjunior;1;
2029;29vtamaro;1;
2030;29wbferreira;1;
2031;29wfcosta;1;
2032;29wgasparott;1;
2033;29wjsjunior;1;
2034;29wlabreu;1;
2035;29wmata;1;
2036;29wsmarques;1;
2037;29yvpereira;1;
2038;30acramos;1;
2039;30azeverino;1;
2040;30ccjunior;1;
2041;30darover;1;
2042;30emfilho;1;
2043;30farocha;1;
2044;30jbatista;1;
2045;30jdpbrito;1;
2046;30jpurban;1;
2047;30jsjorge;1;
2048;30llaurentin;1;
2049;30lmlima;1;
2050;30lmsilverio;1;
2051;30mcegala;1;
2052;30mconceicao;1;
2053;30mwolf;1;
2054;30prmfreitas;1;
2055;30rlsouza;1;
2056;30rmacedo;1;
2057;30rnrluz;1;
2058;30rocaminada;1;
2059;30scclaudino;1;
2060;30sconceicao;1;
2061;30scsantana;1;
2062;30sflavio;1;
2063;30sschmitt;1;
2064;30vdsilva;1;
2065;30vizabo;1;
2066;32acandrade;1;
2067;32acljunior;1;
2068;32afcavalcan;1;
2069;32afmizoton;1;
2070;32ajuazeiro;1;
2071;32alsjunior;1;
2072;32alsouza;1;
2073;32amcsilva;1;
2074;32apfreitas;1;
2075;32asoliveira;1;
2076;32aspires;1;
2077;32assuzano;1;
2078;32bcsilva;1;
2079;32bfborges;1;
2080;32bplima;1;
2081;32bvcosta;1;
2082;32bwcfernade;1;
2083;32casilva;1;
2084;32cbsilva;1;
2085;32chasilva;1;
2086;32clfonseca;1;
2087;32cmmsouza;1;
2088;32cmsantan;1;
2089;32crsantos;1;
2090;32csmatta;1;
2091;32ctrodrigue;1;
2092;32darego;1;
2093;32dasilva;1;
2094;32dmramalho;1;
2095;32dsandrade;1;
2096;32dsgomes;1;
2097;32eabastos;1;
2098;32eantonio;1;
2099;32eaoliveira;1;
2100;32ebsilva;1;
2101;32ecmcozende;1;
2102;32egcabral;1;
2103;32essilva;1;
2104;32fcgesanto;1;
2105;32fcsilva;1;
2106;32flcmaia;1;
2107;32fmbrito;1;
2108;32fmferreira;1;
2109;32fomontelli;1;
2110;32frjcandido;1;
2111;32gbdantas;1;
2112;32ggasilva;1;
2113;32grlsilva;1;
2114;32gsfsantos;1;
2115;32jafarias;1;
2116;32jaoliveira;1;
2117;32jbrjunior;1;
2118;32jcsilva;1;
2119;32jcsouza;1;
2120;32jctmedeiro;1;
2121;32jfalmeida;1;
2122;32jgnandre;1;
2123;32jlsanho;1;
2124;32jrnjunior;1;
2125;32jrrgonzaga;1;
2126;32kcsramorim;1;
2127;32lafernande;1;
2128;32lbfranca;1;
2129;32lbramos;1;
2130;32lcgsantos;1;
2131;32lclopes;1;
2132;32lcraandrad;1;
2133;32lgsantos;1;
2134;32lgsilva;1;
2135;32llfonseca;1;
2136;32lmferreira;1;
2137;32lobraga;1;
2138;32lroferreir;1;
2139;32lsilva;1;
2140;32mafsa;1;
2141;32mantonio;1;
2142;32mfnnascime;1;
2143;32mgsouza;1;
2144;32mrmmedeiro;1;
2145;32msreis;1;
2146;32mssantos;1;
2147;32ndomingues;1;
2148;32nmveiga;1;
2149;32pgbarreira;1;
2150;32phasilva;1;
2151;32phrerthal;1;
2152;32pmpinheiro;1;
2153;32pwvsouza;1;
2154;32qgpsouza;1;
2155;32rbsilva;1;
2156;32rcsoares;1;
2157;32rmgomes;1;
2158;32rmlima;1;
2159;32rnsfreitas;1;
2160;32rpfontes;1;
2161;32rscurcio;1;
2162;32rspereira;1;
2163;32seornellas;1;
2164;32ssvargas;1;
2165;32svpereira;1;
2166;32tapinheiro;1;
2167;32trcmeirele;1;
2168;32vcoelho;1;
2169;32vmbruno;1;
2170;32vscamara;1;
2171;32vvlfereira;1;
2172;32woreis;1;
2173;32wsrocha;1;
2174;32zacunha;1;
2175;33acarvalho;1;
2176;33accoimbra;1;
2177;33acveneroni;1;
2178;33afsouza;1;
2179;33aralves;1;
2180;33bdsouza;1;
2181;33cesantos;1;
2182;33cfjacinto;1;
2183;33cgoliveira;1;
2184;33coteixeira;1;
2185;33crguedes;1;
2186;33dpsilva;1;
2187;33econceicao;1;
2188;33essilva;1;
2189;33fapaiva;1;
2190;33flima;1;
2191;33flsantos;1;
2192;33gsterrigno;1;
2193;33hacorrea;1;
2194;33hsilva;1;
2195;33jbcruz;1;
2196;33jmsilva;1;
2197;33lamartins;1;
2198;33lcsilva;1;
2199;33lfbatista;1;
2200;33mcaquino;1;
2201;33mlrodrigue;1;
2202;33mopaiva;1;
2203;33mppaula;1;
2204;33msthome;1;
2205;33nhsilva;1;
2206;33nrodrigues;1;
2207;33olsilva;1;
2208;33pmreis;1;
2209;33prmarques;1;
2210;33pvcoelho;1;
2211;33rapereira;1;
2212;33rbclisboa;1;
2213;33rcsilva;1;
2214;33rgcamargo;1;
2215;33smartins;1;
2216;33tomoraes;1;
2217;33tpsilva;1;
2218;33vcoelho;1;
2219;34epwachholz;1;
2220;34jrsouza;1;
2221;34jtmlopes;1;
2222;34lodambros;1;
2223;34mmsilva;1;
2224;34mmsilveira;1;
2225;35dbatistela;1;
2226;35jhsass;1;
2227;35lnasciment;1;
2228;35lrsouza;1;
2229;35marisso;1;
2230;35mmoraes;1;
2231;35rmsilva;1;
2232;35vapires;1;
2233;36aczmoraes;1;
2234;36adguiotti;1;
2235;36ansouza;1;
2236;36apsroldao;1;
2237;36aralves;1;
2238;36arsantos;1;
2239;36assoares;1;
2240;36caribeiro;1;
2241;36casilva;1;
2242;36crtortoro;1;
2243;36dcfelipe;1;
2244;36efoliveira;1;
2245;36emantovani;1;
2246;36emtosti;1;
2247;36fajbueno;1;
2248;36fbhonorio;1;
2249;36ghbcarvalh;1;
2250;36glsilva;1;
2251;36iakustro;1;
2252;36ighenrique;1;
2253;36isantos;1;
2254;36jebsilva;1;
2255;36jesilva;1;
2256;36jnmaximo;1;
2257;36jroliveira;1;
2258;36jsbaptista;1;
2259;36kkazevedo;1;
2260;36lfpedro;1;
2261;36macamargo;1;
2262;36mcalves;1;
2263;36mcmachado;1;
2264;36mjzangross;1;
2265;36mlmaximo;1;
2266;36nnribeiro;1;
2267;36pgcipriano;1;
2268;36pggeraldo;1;
2269;36rgsoares;1;
2270;36rsantos;1;
2271;36rsviana;1;
2272;36talima;1;
2273;36tcmsana;1;
2274;36tcpossebon;1;
2275;36tgsmussa;1;
2276;36trnascimen;1;
2277;36wdoliveira;1;
2278;36wfjesus;1;
2279;36wloliveira;1;
2280;36wpalmeida;1;
2281;37aavicente;1;
2282;37acremaschi;1;
2283;37afarahum;1;
2284;37ajsantos;1;
2285;37ascardoso;1;
2286;37dasouza;1;
2287;37dvmoreira;1;
2288;37eroselei;1;
2289;37esbarbara;1;
2290;37fcamolesi;1;
2291;37fmchaves;1;
2292;37frpinto;1;
2293;37gafracasso;1;
2294;37jdrigo;1;
2295;37lodambros;1;
2296;37lvgomes;1;
2297;37masilva;1;
2298;37mcpedri;1;
2299;37momarostic;1;
2300;37pcgolvea;1;
2301;37pdburlim;1;
2302;37rcsfontana;1;
2303;37rfcoelho;1;
2304;37sgalmeida;1;
2305;37svmoraes;1;
2306;37tcimendes;1;
2307;37tcmatos;1;
2308;37wasantos;1;
2309;38aascaliza;1;
2310;38abbispo;1;
2311;38afvoltolin;1;
2312;38ajcampos;1;
2313;38ambiazotto;1;
2314;38anlima;1;
2315;38aroliveira;1;
2316;38asfreitas;1;
2317;38aspena;1;
2318;38avboliveir;1;
2319;38averga;1;
2320;38avjjferrei;1;
2321;38bffloor;1;
2322;38bfgomes;1;
2323;38bfnono;1;
2324;38bmandrade;1;
2325;38bsantos;1;
2326;38bsbuzacari;1;
2327;38calourenco;1;
2328;38casantos;1;
2329;38cbacellar;1;
2330;38cedandrade;1;
2331;38cferraresi;1;
2332;38coguedes;1;
2333;38cssbenfatt;1;
2334;38dalova;1;
2335;38dbsantos;1;
2336;38dcsilva;1;
2337;38denicoleti;1;
2338;38dmmoral;1;
2339;38drogalvao;1;
2340;38dsrquintal;1;
2341;38ecfsantos;1;
2342;38efiamengui;1;
2343;38efurlani;1;
2344;38ejsantos;1;
2345;38epinheiro;1;
2346;38esantos;1;
2347;38essilva;1;
2348;38etolentino;1;
2349;38fgfarantes;1;
2350;38frmilani;1;
2351;38fscorrado;1;
2352;38hisoares;1;
2353;38icbsoares;1;
2354;38imariano;1;
2355;38jasoares;1;
2356;38jgmeschiat;1;
2357;38jgrtavares;1;
2358;38jlasilva;1;
2359;38jlbertonce;1;
2360;38jrcosta;1;
2361;38jwljunior;1;
2362;38kapena;1;
2363;38kgoncalves;1;
2364;38lbcarvalho;1;
2365;38lclourenco;1;
2366;38leseravo;1;
2367;38lfdsanchez;1;
2368;38lfrmessias;1;
2369;38lhpaula;1;
2370;38lhviana;1;
2371;38lpbueno;1;
2372;38mabasso;1;
2373;38macamargo;1;
2374;38mbaraujo;1;
2375;38mcasantos;1;
2376;38mcferreira;1;
2377;38mcgsilva;1;
2378;38mfleite;1;
2379;38mfrodrigue;1;
2380;38mmsantos;1;
2381;38mrfalasca;1;
2382;38mrreis;1;
2383;38msciascio;1;
2384;38ngodoy;1;
2385;38pchico;1;
2386;38phmurgia;1;
2387;38pholiveira;1;
2388;38ramurgia;1;
2389;38rbalves;1;
2390;38rbunde;1;
2391;38rcsilva;1;
2392;38rjconti;1;
2393;38rrfsilva;1;
2394;38rrsilva;1;
2395;38rviolla;1;
2396;38sagomes;1;
2397;38schlittler;1;
2398;38sdoliveira;1;
2399;38sfvieira;1;
2400;38srpbraga;1;
2401;38tfinacio;1;
2402;38tmdominges;1;
2403;38ttavares;1;
2404;38vcaetano;1;
2405;38vdlsilva;1;
2406;38vhcsouza;1;
2407;38vlapoiano;1;
2408;38vlmsilva;1;
2409;38vmcantador;1;
2410;38wlrodrigue;1;
2411;38wrfguimara;1;
2412;38wwoioli;1;
2413;39acorreia;1;
2414;39celeuterio;1;
2415;39epnunes;1;
2416;39ifbento;1;
2417;39knasciment;1;
2418;39ljlima;1;
2419;39mcasilva;1;
2420;40jtcordeiro;1;
2421;41aamuchow;1;
2422;41achubner;1;
2423;41bdcampos;1;
2424;41csmagalhae;1;
2425;41drpetimann;1;
2426;41dspeglow;1;
2427;41esgoncalve;1;
2428;41gcsilva;1;
2429;41jsbucholi;1;
2430;41mmsantos;1;
2431;41nlnaimann;1;
2432;41nvbierhals;1;
2433;41sgtreptow;1;
2434;41vdreis;1;
2435;41wmfriedric;1;
2436;42crarruda;1;
2437;42ejbonfim;1;
2438;42emtavares;1;
2439;42jrlima;1;
2440;42ksuga;1;
2441;42lrodrigues;1;
2442;42lsveras;1;
2443;42msleite;1;
2444;42rldutra;1;
2445;42tnalecrim;1;
2446;42tsnfagunde;1;
2447;42zcbschmidt;1;
2448;43aaraujo;1;
2449;43abdcorbis;1;
2450;43abigolli;1;
2451;43acarodrigu;1;
2452;43aclcastro;1;
2453;43acnckoike;1;
2454;43acoliveira;1;
2455;43aesteves;1;
2456;43afpereira;1;
2457;43afprodrigu;1;
2458;43agsorensen;1;
2459;43aigoliveir;1;
2460;43almacedo;1;
2461;43almelare;1;
2462;43almrsomens;1;
2463;43amasella;1;
2464;43amboschili;1;
2465;43amneves;1;
2466;43amtmolina;1;
2467;43aopanzarie;1;
2468;43apeugenio;1;
2469;43apmferreir;1;
2470;43arfvieira;1;
2471;43armartos;1;
2472;43arpjunkes;1;
2473;43aspaula;1;
2474;43baguerreir;1;
2475;43barpena;1;
2476;43bbevangeli;1;
2477;43bburin;1;
2478;43bfaraujo;1;
2479;43bfsoares;1;
2480;43bmasilva;1;
2481;43cabasso;1;
2482;43caparisio;1;
2483;43cccfreitas;1;
2484;43cdamiani;1;
2485;43ceosorio;1;
2486;43clicosta;1;
2487;43cmfbernard;1;
2488;43cmsumboaba;1;
2489;43cnmdias;1;
2490;43cnsantos;1;
2491;43crkteixeir;1;
2492;43csbrito;1;
2493;43daasantos;1;
2494;43dapereira;1;
2495;43dbcanton;1;
2496;43dbenassi;1;
2497;43djasales;1;
2498;43dlferreira;1;
2499;43dmcarmo;1;
2500;43dmlazaro;1;
2501;43dmlima;1;
2502;43dmmartins;1;
2503;43ecaramos;1;
2504;43efaokada;1;
2505;43emmlazo;1;
2506;43empmagalha;1;
2507;43epsilva;1;
2508;43faandrade;1;
2509;43faborges;1;
2510;43facoelho;1;
2511;43famfelizar;1;
2512;43fbzamprogn;1;
2513;43fcorocha;1;
2514;43fdenardi;1;
2515;43fgguimarae;1;
2516;43fgnogueira;1;
2517;43flgcastro;1;
2518;43fmsiqueira;1;
2519;43fnlopes;1;
2520;43fraugusto;1;
2521;43fsrodrigue;1;
2522;43fssrios;1;
2523;43gaairineu;1;
2524;43gafigueire;1;
2525;43gapsantos;1;
2526;43gccosta;1;
2527;43gesoares;1;
2528;43gjfonseca;1;
2529;43gklbatista;1;
2530;43gpcursi;1;
2531;43gpsilva;1;
2532;43grochy;1;
2533;43gslvasques;1;
2534;43gvpaiva;1;
2535;43hlmulet;1;
2536;43ibantonini;1;
2537;43igotambasc;1;
2538;43imgiaimo;1;
2539;43jcsilva;1;
2540;43jczambom;1;
2541;43jdbomche;1;
2542;43jfgbarreto;1;
2543;43jlccarneti;1;
2544;43jmlima;1;
2545;43jmnicolini;1;
2546;43jsfreitas;1;
2547;43jspereira;1;
2548;43jvmendes;1;
2549;43kcmott;1;
2550;43kcsantos;1;
2551;43kkgmsilva;1;
2552;43ksalmeida;1;
2553;43ksantana;1;
2554;43ksflores;1;
2555;43kwtavares;1;
2556;43laastolpho;1;
2557;43lamfruhlin;1;
2558;43lbboness;1;
2559;43lbsantos;1;
2560;43lllmoura;1;
2561;43lmshimura;1;
2562;43lpaugusto;1;
2563;43lsjeronimo;1;
2564;43ltlotto;1;
2565;43lvrgomes;1;
2566;43macamargo;1;
2567;43mdcmissio;1;
2568;43meacorbane;1;
2569;43mgreal;1;
2570;43mgsantos;1;
2571;43mivenske;1;
2572;43mjmachado;1;
2573;43mlarocha;1;
2574;43mqsampaio;1;
2575;43msmassa;1;
2576;43mvcafreita;1;
2577;43mvdsilva;1;
2578;43mzamproni;1;
2579;43ngouvea;1;
2580;43npfernande;1;
2581;43nscruz;1;
2582;43nvkallweit;1;
2583;43oaraujo;1;
2584;43pamgoncalv;1;
2585;43pardjunior;1;
2586;43peaalmeida;1;
2587;43phbarbosa;1;
2588;43phvitor;1;
2589;43pspaiva;1;
2590;43psperes;1;
2591;43pssoares;1;
2592;43pssouza;1;
2593;43qfloredo;1;
2594;43rascosta;1;
2595;43rbsilva;1;
2596;43rcruggiro;1;
2597;43rcszaman;1;
2598;43rfacastro;1;
2599;43rfcosta;1;
2600;43rgalves;1;
2601;43rmcarvalho;1;
2602;43rmhagihara;1;
2603;43rmrsilva;1;
2604;43rmsilva;1;
2605;43rmslauton;1;
2606;43rpalmeida;1;
2607;43rpcsassi;1;
2608;43rpferraz;1;
2609;43rpmastro;1;
2610;43rrbbsilva;1;
2611;43rsespindol;1;
2612;43rtalmeida;1;
2613;43sabatista;1;
2614;43sbromani;1;
2615;43sfsousa;1;
2616;43tcasam;1;
2617;43tcsilva;1;
2618;43tfaborges;1;
2619;43tlspereira;1;
2620;43troliveira;1;
2621;43trtalmeida;1;
2622;43tstoneatti;1;
2623;43vmsoares;1;
2624;43vparruda;1;
2625;43vssilva;1;
2626;43wbsantos;1;
2627;43wbsmartins;1;
2628;43wjataconst;1;
2629;43wlcruz;1;
2630;43wmsilva;1;
2631;44apabueno;1;
2632;44dsmonteiro;1;
2633;44gfribeiro;1;
2634;44rjnascimen;1;
2635;44rjsantana;1;
2636;45ajojunior;1;
2637;45alsilva;1;
2638;45aosouza;1;
2639;45cwbferreir;1;
2640;45dfsilva;1;
2641;45gbaraujo;1;
2642;45gmsilva;1;
2643;45jgribeiro;1;
2644;45rscordeiro;1;
2645;45tplima;1;
2646;46ahdickow;1;
2647;46dcfconceic;1;
2648;46dcoliveira;1;
2649;46dnsilva;1;
2650;46mccacabuen;1;
2651;46prcardoso;1;
2652;46tkmaurici;1;
2653;47aasvsilva;1;
2654;47amsilveira;1;
2655;47amwasculew;1;
2656;47aorodrigue;1;
2657;47apacastro;1;
2658;47arfreitas;1;
2659;47cacborba;1;
2660;47cbgomes;1;
2661;47cdduarte;1;
2662;47dgnunes;1;
2663;47dorezende;1;
2664;47drsaraiva;1;
2665;47ebamalavol;1;
2666;47eblindeman;1;
2667;47esribeiro;1;
2668;47fccenteno;1;
2669;47fgsouza;1;
2670;47flateixeir;1;
2671;47flcavila;1;
2672;47fxmartins;1;
2673;47gfldias;1;
2674;47gfsantos;1;
2675;47gneitzel;1;
2676;47gsalmeida;1;
2677;47hdgarcia;1;
2678;47ipcunha;1;
2679;47isonofre;1;
2680;47jcdmoraes;1;
2681;47jcmoraes;1;
2682;47jfbohm;1;
2683;47jpvargas;1;
2684;47jrljunior;1;
2685;47ksrodrigue;1;
2686;47lamelo;1;
2687;47lasantos;1;
2688;47lcxavier;1;
2689;47lelsilveir;1;
2690;47lerchagas;1;
2691;47lixfonseca;1;
2692;47llslfilho;1;
2693;47lmieres;1;
2694;47mbcerqueir;1;
2695;47mbrodrigue;1;
2696;47mfquevedo;1;
2697;47mgmfernand;1;
2698;47mlmribeiro;1;
2699;47mmoliveira;1;
2700;47mnduarte;1;
2701;47msfouchy;1;
2702;47nagarcia;1;
2703;47osavila;1;
2704;47ovtmartine;1;
2705;47pclima;1;
2706;47pfgarcia;1;
2707;47pmcoelho;1;
2708;47psmiller;1;
2709;47pvstelmasz;1;
2710;47rdporto;1;
2711;47rfmaciel;1;
2712;47rmbrodrigu;1;
2713;47rncardoso;1;
2714;47rrfsilva;1;
2715;47rrnunes;1;
2716;47rwconrad;1;
2717;47scleon;1;
2718;47sfsilveira;1;
2719;47ssmoura;1;
2720;47vmcoelho;1;
2721;47vsrosa;1;
2722;48cktnogueir;1;
2723;48cpmdias;1;
2724;48damesquita;1;
2725;48dcfranca;1;
2726;48elcaponi;1;
2727;48flsilva;1;
2728;48golima;1;
2729;48hgaraujo;1;
2730;48hpsslima;1;
2731;48ifgomes;1;
2732;48issantos;1;
2733;48jemaciel;1;
2734;48jjsneto;1;
2735;48jpcosta;1;
2736;48jpcruz;1;
2737;48jsjordao;1;
2738;48lpbdame;1;
2739;48marespland;1;
2740;48msviana;1;
2741;48pcsilva;1;
2742;48rbnunes;1;
2743;48rlcaponi;1;
2744;48smcunha;1;
2745;48tjsilva;1;
2746;48vasilva;1;
2747;48vjsantos;1;
2748;48vmsvaz;1;
2749;48vosilva;1;
2750;48vscunha;1;
2751;48vvspinto;1;
2752;49meblinhare;1;
2753;adm;1;
2754;admfin;1;
2755;admtec;1;
2756;automarroz;1;
2757;brasilrisk;1;
2758;brasilrisk-2;1;
2759;circom;1;
2760;cocvilchez;1;
2761;coeli;1;
2762;coerika;1;
2763;cohlima;1;
2764;cojcsouza;1;
2765;cojramon;1;
2766;colzamarioli;1;
2767;comum;1;
2768;confesrenko;1;
2769;conjsouza;1;
2770;connoda;1;
2771;conralves;1;
2772;conrtarso;1;
2773;conrturess;1;
2774;coricardo;1;
2775;corportes;1;
2776;corroca;1;
2777;coslemes;1;
2778;cossbaggio;1;
2779;covdavelli;1;
2780;datasul;1;
2781;dtscontabil;1;
2782;dtsfiscal;1;
2783;dtstms;1;
2784;ey;1;
2785;fluig;1;
2786;fluigpd;1;
2787;foco;1;
2788;foco-2;1;
2789;geosales;1;
2790;henke;1;
2791;integrabc;1;
2792;integragfe;1;
2793;integrasfa;1;
2794;integrast;1;
2795;integratms;1;
2796;itrplemos;1;
2797;joaoluiz;1;
2798;kraft;1;
2799;nfe-eai;1;
2800;opbflorencio;1;
2801;opgaoliveira;1;
2802;qdcbarros;1;
2803;qddferreira;1;
2804;rbfcfelipe;1;
2805;rpw2linx1;1;
2806;rpw2linx2;1;
2807;rpw2win1;1;
2808;rpw2win2;1;
2809;rpw2win3;1;
2810;rpw2win4;1;
2811;rpw5linx1;1;
2812;rpw5win1;1;
2813;rpwgfe;1;
2814;rpwserver;1;
2815;rpwsfa;1;
2816;rzccjoaquim;1;
2817;rzehberaldo;1;
2818;rzejsilva;1;
2819;rzlvpaiva;1;
2820;rzmmsantos;1;
2821;rzsgoncalves;1;
2822;spvtec;1;
2823;super;1;
2824;t01acvpaula;1;
2825;t01ajcampos;1;
2826;t01casilva;1;
2827;t01gkmachado;1;
2828;t01gonobrega;1;
2829;t01gsepiphan;1;
2830;t01jamenezes;1;
2831;t01jfsilva;1;
2832;t01jmfolivei;1;
2833;t01jssouza;1;
2834;t01lclsilva;1;
2835;t01ljesus;1;
2836;t01mzamproni;1;
2837;t01nalmeida;1;
2838;t01parato;1;
2839;t01roliveira;1;
2840;t01vbcorrea;1;
2841;t01wrcosta;1;
2842;t02hrsantos;1;
2843;t04mrsantos;1;
2844;t05arlira;1;
2845;t05artsilva;1;
2846;t05dfsbarbos;1;
2847;t05ganascime;1;
2848;t07pcacorrea;1;
2849;t08arsouza;1;
2850;t08elcamargo;1;
2851;t08mmsilva;1;
2852;t10cflmessin;1;
2853;t10lfheinsch;1;
2854;t10lmmeichtr;1;
2855;t10memcbotel;1;
2856;t10psgomes;1;
2857;t11mpgoulart;1;
2858;t11mrfsantos;1;
2859;t11rtssilva;1;
2860;t12coliveira;1;
2861;t12javieira;1;
2862;t12scmoreira;1;
2863;t13acmarinho;1;
2864;t14dabcastro;1;
2865;t14ersilva;1;
2866;t19cfsantos;1;
2867;t32mpalves;1;
2868;t36macamargo;1;
2869;t37dvieira;1;
2870;t37rhsantana;1;
2871;t38cafaion;1;
2872;t38dsilva;1;
2873;t38kgoncalve;1;
2874;t38lcllima;1;
2875;t42alsilva;1;
2876;t43aclcastro;1;
2877;t43alsouza;1;
2878;t43amboschil;1;
2879;t43aopanzari;1;
2880;t43aspaula;1;
2881;t43cdamiani;1;
2882;t43chramos;1;
2883;t43cmccearen;1;
2884;t43coliveira;1;
2885;t43dbcanton;1;
2886;t43dcfranca;1;
2887;t43dmachado;1;
2888;t43ecasagran;1;
2889;t43edgsilva;1;
2890;t43emfarias;1;
2891;t43epfsousa;1;
2892;t43facserra;1;
2893;t43fbzamprog;1;
2894;t43fcjunior;1;
2895;t43gtmatsumo;1;
2896;t43gyshirato;1;
2897;t43joliveira;1;
2898;t43jsantos;1;
2899;t43kwtavares;1;
2900;t43lmshimura;1;
2901;t43lspereira;1;
2902;t43mosantana;1;
2903;t43mresmer;1;
2904;t43pssoares;1;
2905;t43rhisrchfe;1;
2906;t43tlssilva;1;
2907;taantonelo;1;
2908;taccouto;1;
2909;tacrguilherm;1;
2910;tafaria;1;
2911;talpereira;1;
2912;talsilva;1;
2913;tampegorini;1;
2914;taoliveira;1;
2915;tarconstanti;1;
2916;tasoliveira;1;
2917;tavsantos;1;
2918;tcacgonzaga;1;
2919;tcajneves;1;
2920;tccmelo;1;
2921;tccoliveira;1;
2922;tccscardoso;1;
2923;tcfamagalhae;1;
2924;tcftakeuti;1;
2925;tchramos;1;
2926;tcjdmaldonad;1;
2927;tckfalexandr;1;
2928;tclferreira;1;
2929;tcmestemoteo;1;
2930;tcpasilva;1;
2931;tcplima;1;
2932;tctquintal;1;
2933;tdberndt;1;
2934;tdccamargo;1;
2935;tdignacio;1;
2936;tecalmeida;1;
2937;tedgatti;1;
2938;tejmcouto;1;
2939;temjose;1;
2940;temribeiro;1;
2941;tesilverio;1;
2942;tesoares;1;
2943;teymsatake;1;
2944;tezomer;1;
2945;tfcoelho;1;
2946;tffmatozinho;1;
2947;tfpansani;1;
2948;tfpelaio;1;
2949;tfrsouza;1;
2950;tfschulze;1;
2951;tfsperandio;1;
2952;tgbetim;1;
2953;tgfsgjunior;1;
2954;tghespanhol;1;
2955;tghstrentini;1;
2956;tgvsouza;1;
2957;thdsilva;1;
2958;thrlourenco;1;
2959;tihodecker;1;
2960;tjbcbisneto;1;
2961;tjcapanema;1;
2962;tjlazzarini;1;
2963;tjmlima;1;
2964;tjmssilva;1;
2965;tjsbarbosa;1;
2966;tjsgouveia;1;
2967;tjvscosta;1;
2968;tkekielwagen;1;
2969;tktkmotta;1;
2970;tlasfilho;1;
2971;tlcramalho;1;
2972;tldgaboardi;1;
2973;tldsoares;1;
2974;tlgcardozo;1;
2975;tlgschroeder;1;
2976;tlhssoares;1;
2977;tlmsanna;1;
2978;tlmsoares;1;
2979;tlsoliveira;1;
2980;tmaamaral;1;
2981;tmbrasil;1;
2982;tmepohl;1;
2983;tmhoffmann;1;
2984;tmjoaquin;1;
2985;tmkfreitas;1;
2986;tmlima;1;
2987;tmmgollo;1;
2988;tmrcampagner;1;
2989;tmssteixeira;1;
2990;tmvbelli;1;
2991;tmwgirardell;1;
2992;tnlzamaro;1;
2993;tnmelo;1;
2994;tnssouza;1;
2995;tovneto;1;
2996;tphrerthal;1;
2997;tpjmmoraes;1;
2998;tprsilva;1;
2999;trbmparreira;1;
3000;trcdias;1;
3001;trcsutil;1;
3002;trdbetine;1;
3003;trfernandes;1;
3004;trgbarbosa;1;
3005;trjnasciment;1;
3006;trjulio;1;
3007;trpcruz;1;
3008;tshsartori;1;
3009;tspflores;1;
3010;tsvscheuer;1;
3011;ttagenua;1;
3012;ttbpires;1;
3013;ttcattenezi;1;
3014;ttfshoegima;1;
3015;ttisasai;1;
3016;ttmnavarro;1;
3017;ttpcerri;1;
3018;ttsaraujo;1;
3019;tutbelo;1;
3020;tvalves;1;
3021;tvcguimaraes;1;
3022;tvdavelli;1;
3023;tvlwoitexen;1;
3024;twbjunior;1;
3025;tzasouza;1;
3026;tzjssantos;1;
3027;tzpflorencia;1;
3028;t_emiyahira;1;
3029;t_hbustamant;1;
3030;t_hsilva;1;
3031;t_tcorrea;1;
3032;vilma;1;
3033;wfgfe;1;
3034;xxteste;1;
