idGrupo;idLegGrupo;descAbrev;descricao;idEmpresa
1;*;Todos os Usuários;;1
2;sup;sup;;1
3;sop;Customizador;;1
4;FCU;Cliente Financeiro;;1
5;FVE;Fornecedor Financeiro;;1
6;REP;Representante de Vendas;;1
7;IMP;Planejador de Manutenção Ind.;;1
8;IMA;Aprovador de Manutenção Ind.;;1
9;IMC;Cliente de Manutenção Industrial;;1
10;CST;Analista de Custo;;1
11;CLI;Cliente de Compras;;1
12;PLA;Planejador de Produção;;1
13;ENG;Engenheiro de Produto;;1
14;PRR;Requisitante de Compras;;1
15;CAN;Analista de Contrato;;1
16;CTP;Parte Contratante;;1
17;FAU;Auditor de Arquivos;;1
18;FOP;Operador de Arquivos;;1
19;SLM;Vendedor;;1
20;WKE;Almoxarife;;1
21;COO;Coordenador;;1
22;QSQ;Funcionário;;1
23;HR;RH;;1
24;FAN;Analista Financeiro;;1
25;FMG;Gerente Financeiro;;1
26;IVR;Requisitante de Estoque;;1
27;pmi;Gerente de Produção;;1
28;imt;Técnico de Manutenção Industrial;;1
29;imm;Gerente de Manutenção Industrial;;1
30;ime;Engenheiro de Manutenção Ind.;;1
31;SFT;Separador Faturamento;;1
32;MFT;Faturista;;1
33;PFT;Preparador Faturamento;;1
34;SAS;Assistente de Vendas;;1
35;RAS;Assistente de Cadastro;;1
36;PRS;Atendimento ao Prestador;;1
37;CRA;Analista de Crédito;;1
38;APD;Analista de Pedido Vendas;;1
39;CLV;Cliente Pedido;;1
40;IPD;Implantador de Pedido de Vendas;;1
41;IBB;Comprador Interno;;1
42;MAD;Administrador de Materiais;;1
43;IVD;Digitador de Inventário;;1
44;QAN;Analista de Qualidade;;1
45;HDC;Coordenador de SAC;;1
46;BOC;Coordenador de Back-Office;;1
47;HDS;Supervisor de SAC;;1
48;BOS;Supervisor de Back-Office;;1
49;HDA;Atendente de SAC;;1
50;BOA;Atendente de Back-Office;;1
51;CSA;Analista Satisfação do Cliente;;1
52;CRO;Operador de Caixa;;1
53;TAX;Analista Fiscal;;1
54;MER;Analista Comercial;;1
55;STO;Analista de Armazenagem;;1
56;IAN;Analista de Importação;;1
57;AMK;Agente de Marketing;;1
58;AAT;Agente de Atendimento;;1
59;GCM;Gestor Comercial;;1
60;GCQ;Gerente de Qualidade;;1
61;APA;Analista de Contas a Pagar;;1
62;TIM;Time Out;;1
63;TRE;Treinamento Multi Empresa;;1
64;wdk;wdk - RPW;;1
65;Fin;Financeiro Cadastro;;1
66;Con;Controladoria Cadastros;;1
67;Mat;Materiais - Usuarios;;1
68;Pro;Producao;;1
69;Qua;Controle de Qualidade;;1
70;MI;Manutencao Industrial - Usuarios;;1
71;Fis;Obrigacoes Fiscais - Usuarios;;1
72;Ctr;Contrato de Compras;;1
73;Fro;Frotas - Cadastro;;1
74;act;Acionista - Usuarios;;1
75;APL;Usuarios - APL;;1
76;inv;Investimentos - Usuarios;;1
77;GST;Gerenciador Metadados;;1
78;AB0;Abastec e Lubrif - Super;;1
79;AB1;Abastec e Lubrif - Tar Basico;;1
80;AB2;Abastec e Lubrif - Tar Interm;;1
81;AB3;Abastec e Lubrif - Tar Avanc;;1
82;AB4;Abastec e Lubrif - Cons Basico;;1
83;AB5;Abastec e Lubrif - Cons Interm;;1
84;AB6;Abastec e Lubrif - Cons Avanc;;1
85;AB7;Abastec e Lubrif - Cad Basico;;1
86;AB8;Abastec e Lubrif - Cad Interm;;1
87;AB9;Abastec e Lubrif - Cad Avanc;;1
88;AT0;Adm Treinamento - Super;;1
89;AT1;Adm Treinamento - Tar Basico;;1
90;AT2;Adm Treinamento - Tar Interm;;1
91;AT3;Adm Treinamento - Tar Avanc;;1
92;AT4;Adm Treinamento - Cons Basico;;1
93;AT5;Adm Treinamento - Cons Interm;;1
94;AT6;Adm Treinamento - Cons Avanc;;1
95;AT7;Adm Treinamento - Cad Basico;;1
96;AT8;Adm Treinamento - Cad Interm;;1
97;AT9;Adm Treinamento - Cad Avanc;;1
98;VC0;Adm Valor Config - Super;;1
99;VC1;Adm Valor Config - Tar Basico;;1
100;VC2;Adm Valor Config - Tar Interm;;1
101;VC3;Adm Valor Config - Tar Avanc;;1
102;VC4;Adm Valor Config - Cons Basico;;1
103;VC5;Adm Valor Config - Cons Interm;;1
104;VC6;Adm Valor Config - Cons Avanc;;1
105;VC7;Adm Valor Config - Cad Basico;;1
106;VC8;Adm Valor Config - Cad Interm;;1
107;VC9;Adm Valor Config - Cad Avanc;;1
108;AO0;Anal. Oleo Frota - Super;;1
109;AO1;Anal. Oleo Frota - Tar Basico;;1
110;AO2;Anal. Oleo Frota - Tar Interm;;1
111;AO3;Anal. Oleo Frota - Tar Avanc;;1
112;AO4;Anal. Oleo Frota - Cons Basico;;1
113;AO5;Anal. Oleo Frota - Cons Interm;;1
114;AO6;Anal. Oleo Frota - Cons Avanc;;1
115;AO7;Anal. Oleo Frota - Cad Basico;;1
116;AO8;Anal. Oleo Frota - Cad Interm;;1
117;AO9;Anal. Oleo Frota - Cad Avanc;;1
118;AE0;Aplic e Emprest - Super;;1
119;AE1;Aplic e Emprest - Tar Basico;;1
120;AE2;Aplic e Emprest - Tar Interm;;1
121;AE3;Aplic e Emprest - Tar Avanc;;1
122;AE4;Aplic e Emprest - Cons Basico;;1
123;AE5;Aplic e Emprest - Cons Interm;;1
124;AE6;Aplic e Emprest - Cons Avanc;;1
125;AE7;Aplic e Emprest - Cad Basico;;1
126;AE8;Aplic e Emprest - Cad Interm;;1
127;AE9;Aplic e Emprest - Cad Avanc;;1
128;AF0;Ativo Fixo - Super;;1
129;AF1;Ativo Fixo - Tar Basico;;1
130;AF2;Ativo Fixo - Tar Interm;;1
131;AF3;Ativo Fixo - Tar Avanc;;1
132;AF4;Ativo Fixo - Cons Basico;;1
133;AF5;Ativo Fixo - Cons Interm;;1
134;AF6;Ativo Fixo - Cons Avanc;;1
135;AF7;Ativo Fixo - Cad Basico;;1
136;AF8;Ativo Fixo - Cad Interm;;1
137;AF9;Ativo Fixo - Cad Avanc;;1
138;BA0;Basico - Super;;1
139;BA1;Basico - Tar Basico;;1
140;BA2;Basico - Tar Interm;;1
141;BA3;Basico - Tar Avanc;;1
142;BA4;Basico - Cons Basico;;1
143;BA5;Basico - Cons Interm;;1
144;BA6;Basico - Cons Avanc;;1
145;BA7;Basico - Cad Basico;;1
146;BA8;Basico - Cad Interm;;1
147;BA9;Basico - Cad Avanc;;1
148;CD0;Cadastros Gerais - Super;;1
149;CD1;Cadastros Gerais - Tar Basico;;1
150;CD2;Cadastros Gerais - Tar Interm;;1
151;CD3;Cadastros Gerais - Tar Avanc;;1
152;CD4;Cadastros Gerais - Cons Basico;;1
153;CD5;Cadastros Gerais - Cons Interm;;1
154;CD6;Cadastros Gerais - Cons Avanc;;1
155;CD7;Cadastros Gerais - Cad Basico;;1
156;CD8;Cadastros Gerais - Cad Interm;;1
157;CD9;Cadastros Gerais - Cad Avanc;;1
158;CB0;Caixa e Bancos - Super;;1
159;CB1;Caixa e Bancos - Tar Basico;;1
160;CB2;Caixa e Bancos - Tar Interm;;1
161;CB3;Caixa e Bancos - Tar Avanc;;1
162;CB4;Caixa e Bancos - Cons Basico;;1
163;CB5;Caixa e Bancos - Cons Interm;;1
164;CB6;Caixa e Bancos - Cons Avanc;;1
165;CB7;Caixa e Bancos - Cad Basico;;1
166;CB8;Caixa e Bancos - Cad Interm;;1
167;CB9;Caixa e Bancos - Cad Avanc;;1
168;GC0;Calibracao - Super;;1
169;GC1;Calibracao - Tar Basico;;1
170;GC2;Calibracao - Tar Interm;;1
171;GC3;Calibracao - Tar Avanc;;1
172;GC4;Calibracao - Cons Basico;;1
173;GC5;Calibracao - Cons Interm;;1
174;GC6;Calibracao - Cons Avanc;;1
175;GC7;Calibracao - Cad Basico;;1
176;GC8;Calibracao - Cad Interm;;1
177;GC9;Calibracao - Cad Avanc;;1
178;CO0;Componentes - Super;;1
179;CO1;Componentes - Tar Basico;;1
180;CO2;Componentes - Tar Interm;;1
181;CO3;Componentes - Tar Avanc;;1
182;CO4;Componentes - Cons Basico;;1
183;CO5;Componentes - Cons Interm;;1
184;CO6;Componentes - Cons Avanc;;1
185;CO7;Componentes - Cad Basico;;1
186;CO8;Componentes - Cad Interm;;1
187;CO9;Componentes - Cad Avanc;;1
188;CC0;Compras - Super;;1
189;CC1;Compras - Tar Basico;;1
190;CC2;Compras - Tar Interm;;1
191;CC3;Compras - Tar Avanc;;1
192;CC4;Compras - Cons Basico;;1
193;CC5;Compras - Cons Interm;;1
194;CC6;Compras - Cons Avanc;;1
195;CC7;Compras - Cad Basico;;1
196;CC8;Compras - Cad Interm;;1
197;CC9;Compras - Cad Avanc;;1
198;CF0;Config Produtos - Super;;1
199;CF1;Config Produtos - Tar Basico;;1
200;CF2;Config Produtos - Tar Interm;;1
201;CF3;Config Produtos - Tar Avanc;;1
202;CF4;Config Produtos - Cons Basico;;1
203;CF5;Config Produtos - Cons Interm;;1
204;CF6;Config Produtos - Cons Avanc;;1
205;CF7;Config Produtos - Cad Basico;;1
206;CF8;Config Produtos - Cad Interm;;1
207;CF9;Config Produtos - Cad Avanc;;1
208;LF0;Cfg Layout Fiscal - Super;;1
209;LF1;Cfg Layout Fiscal - Tar Basico;;1
210;LF2;Cfg Layout Fiscal - Tar Interm;;1
211;LF3;Cfg Layout Fiscal - Tar Avanc;;1
212;LF4;Cfg Layout Fiscal - Cons Basico;;1
213;LF5;Cfg Layout Fiscal - Cons Interm;;1
214;LF6;Cfg Layout Fiscal - Cons Avanc;;1
215;LF7;Cfg Layout Fiscal - Cad Basico;;1
216;LF8;Cfg Layout Fiscal - Cad Interm;;1
217;LF9;Cfg Layout Fiscal - Cad Avanc;;1
218;FS0;Contab Fiscal - Super;;1
219;FS1;Contab Fiscal - Tar Basico;;1
220;FS2;Contab Fiscal - Tar Interm;;1
221;FS3;Contab Fiscal - Tar Avanc;;1
222;FS4;Contab Fiscal - Cons Basico;;1
223;FS5;Contab Fiscal - Cons Interm;;1
224;FS6;Contab Fiscal - Cons Avanc;;1
225;FS7;Contab Fiscal - Cad Basico;;1
226;FS8;Contab Fiscal - Cad Interm;;1
227;FS9;Contab Fiscal - Cad Avanc;;1
228;CG0;Contab Gerencial - Super;;1
229;CG1;Contab Gerencial - Tar Basico;;1
230;CG2;Contab Gerencial - Tar Interm;;1
231;CG3;Contab Gerencial - Tar Avanc;;1
232;CG4;Contab Gerencial - Cons Basico;;1
233;CG5;Contab Gerencial - Cons Interm;;1
234;CG6;Contab Gerencial - Cons Avanc;;1
235;CG7;Contab Gerencial - Cad Basico;;1
236;CG8;Contab Gerencial - Cad Interm;;1
237;CG9;Contab Gerencial - Cad Avanc;;1
238;AP0;Contas a Pagar - Super;;1
239;AP1;Contas a Pagar - Tar Basico;;1
240;AP2;Contas a Pagar - Tar Interm;;1
241;AP3;Contas a Pagar - Tar Avanc;;1
242;AP4;Contas a Pagar - Cons Basico;;1
243;AP5;Contas a Pagar - Cons Interm;;1
244;AP6;Contas a Pagar - Cons Avanc;;1
245;AP7;Contas a Pagar - Cad Basico;;1
246;AP8;Contas a Pagar - Cad Interm;;1
247;AP9;Contas a Pagar - Cad Avanc;;1
248;CR0;Contas a Receber - Super;;1
249;CR1;Contas a Receber - Tar Basico;;1
250;CR2;Contas a Receber - Tar Interm;;1
251;CR3;Contas a Receber - Tar Avanc;;1
252;CR4;Contas a Receber - Cons Basico;;1
253;CR5;Contas a Receber - Cons Interm;;1
254;CR6;Contas a Receber - Cons Avanc;;1
255;CR7;Contas a Receber - Cad Basico;;1
256;CR8;Contas a Receber - Cad Interm;;1
257;CR9;Contas a Receber - Cad Avanc;;1
258;CN0;Contratos - Super;;1
259;CN1;Contratos - Tar Basico;;1
260;CN2;Contratos - Tar Interm;;1
261;CN3;Contratos - Tar Avanc;;1
262;CN4;Contratos - Cons Basico;;1
263;CN5;Contratos - Cons Interm;;1
264;CN6;Contratos - Cons Avanc;;1
265;CN7;Contratos - Cad Basico;;1
266;CN8;Contratos - Cad Interm;;1
267;CN9;Contratos - Cad Avanc;;1
268;CQ0;Ctrl da Qualidade - Super;;1
269;CQ1;Ctrl da Qualidade - Tar Basico;;1
270;CQ2;Ctrl da Qualidade - Tar Interm;;1
271;CQ3;Ctrl da Qualidade - Tar Avanc;;1
272;CQ4;Ctrl da Qualidade - Cons Basico;;1
273;CQ5;Ctrl da Qualidade - Cons Interm;;1
274;CQ6;Ctrl da Qualidade - Cons Avanc;;1
275;CQ7;Ctrl da Qualidade - Cad Basico;;1
276;CQ8;Ctrl da Qualidade - Cad Interm;;1
277;CQ9;Ctrl da Qualidade - Cad Avanc;;1
278;PE0;Ctrl de Frequencia - Super;;1
279;PE1;Ctrl de Frequencia - Tar Basico;;1
280;PE2;Ctrl de Frequencia - Tar Interm;;1
281;PE3;Ctrl de Frequencia - Tar Avanc;;1
282;PE4;Ctrl de Frequencia - Cons Basico;;1
283;PE5;Ctrl de Frequencia - Cons Interm;;1
284;PE6;Ctrl de Frequencia - Cons Avanc;;1
285;PE7;Ctrl de Frequencia - Cad Basico;;1
286;PE8;Ctrl de Frequencia - Cad Interm;;1
287;PE9;Ctrl de Frequencia - Cad Avanc;;1
288;OC0;Cotacoes - Super;;1
289;OC1;Cotacoes - Tar Basico;;1
290;OC2;Cotacoes - Tar Interm;;1
291;OC3;Cotacoes - Tar Avanc;;1
292;OC4;Cotacoes - Cons Basico;;1
293;OC5;Cotacoes - Cons Interm;;1
294;OC6;Cotacoes - Cons Avanc;;1
295;OC7;Cotacoes - Cad Basico;;1
296;OC8;Cotacoes - Cad Interm;;1
297;OC9;Cotacoes - Cad Avanc;;1
298;CS0;Custos - Super;;1
299;CS1;Custos - Tar Basico;;1
300;CS2;Custos - Tar Interm;;1
301;CS3;Custos - Tar Avanc;;1
302;CS4;Custos - Cons Basico;;1
303;CS5;Custos - Cons Interm;;1
304;CS6;Custos - Cons Avanc;;1
305;CS7;Custos - Cad Basico;;1
306;CS8;Custos - Cad Interm;;1
307;CS9;Custos - Cad Avanc;;1
308;DP0;Desenv Produtos - Super;;1
309;DP1;Desenv Produtos - Tar Basico;;1
310;DP2;Desenv Produtos - Tar Interm;;1
311;DP3;Desenv Produtos - Tar Avanc;;1
312;DP4;Desenv Produtos - Cons Basico;;1
313;DP5;Desenv Produtos - Cons Interm;;1
314;DP6;Desenv Produtos - Cons Avanc;;1
315;DP7;Desenv Produtos - Cad Basico;;1
316;DP8;Desenv Produtos - Cad Interm;;1
317;DP9;Desenv Produtos - Cad Avanc;;1
318;EN0;Engenharia - Super;;1
319;EN1;Engenharia - Tar Basico;;1
320;EN2;Engenharia - Tar Interm;;1
321;EN3;Engenharia - Tar Avanc;;1
322;EN4;Engenharia - Cons Basico;;1
323;EN5;Engenharia - Cons Interm;;1
324;EN6;Engenharia - Cons Avanc;;1
325;EN7;Engenharia - Cad Basico;;1
326;EN8;Engenharia - Cad Interm;;1
327;EN9;Engenharia - Cad Avanc;;1
328;FG0;Especificos - Super;;1
329;FG1;Especificos - Tar Basico;;1
330;FG2;Especificos - Tar Interm;;1
331;FG3;Especificos - Tar Avanc;;1
332;FG4;Especificos - Cons Basico;;1
333;FG5;Especificos - Cons Interm;;1
334;FG6;Especificos - Cons Avanc;;1
335;FG7;Especificos - Cad Basico;;1
336;FG8;Especificos - Cad Interm;;1
337;FG9;Especificos - Cad Avanc;;1
338;CE0;Estoque - Super;;1
339;CE1;Estoque - Tar Basico;;1
340;CE2;Estoque - Tar Interm;;1
341;CE3;Estoque - Tar Avanc;;1
342;CE4;Estoque - Cons Basico;;1
343;CE5;Estoque - Cons Interm;;1
344;CE6;Estoque - Cons Avanc;;1
345;CE7;Estoque - Cad Basico;;1
346;CE8;Estoque - Cad Interm;;1
347;CE9;Estoque - Cad Avanc;;1
348;EO0;Exec Orcamentaria - Super;;1
349;EO1;Exec Orcamentaria - Tar Basico;;1
350;EO2;Exec Orcamentaria - Tar Interm;;1
351;EO3;Exec Orcamentaria - Tar Avanc;;1
352;EO4;Exec Orcamentaria - Cons Basico;;1
353;EO5;Exec Orcamentaria - Cons Interm;;1
354;EO6;Exec Orcamentaria - Cons Avanc;;1
355;EO7;Exec Orcamentaria - Cad Basico;;1
356;EO8;Exec Orcamentaria - Cad Interm;;1
357;EO9;Exec Orcamentaria - Cad Avanc;;1
358;FT0;Faturamento - Super;;1
359;FT1;Faturamento - Tar Basico;;1
360;FT2;Faturamento - Tar Interm;;1
361;FT3;Faturamento - Tar Avanc;;1
362;FT4;Faturamento - Cons Basico;;1
363;FT5;Faturamento - Cons Interm;;1
364;FT6;Faturamento - Cons Avanc;;1
365;FT7;Faturamento - Cad Basico;;1
366;FT8;Faturamento - Cad Interm;;1
367;FT9;Faturamento - Cad Avanc;;1
368;FR0;Ferias e Rescisoes - Super;;1
369;FR1;Ferias e Rescisoes - Tar Basico;;1
370;FR2;Ferias e Rescisoes - Tar Interm;;1
371;FR3;Ferias e Rescisoes - Tar Avanc;;1
372;FR4;Ferias e Rescisoes - Cons Basico;;1
373;FR5;Ferias e Rescisoes - Cons Interm;;1
374;FR6;Ferias e Rescisoes - Cons Avanc;;1
375;FR7;Ferias e Rescisoes - Cad Basico;;1
376;FR8;Ferias e Rescisoes - Cad Interm;;1
377;FR9;Ferias e Rescisoes - Cad Avanc;;1
378;FU0;Financ Universal - Super;;1
379;FU1;Financ Universal - Tar Basico;;1
380;FU2;Financ Universal - Tar Interm;;1
381;FU3;Financ Universal - Tar Avanc;;1
382;FU4;Financ Universal - Cons Basico;;1
383;FU5;Financ Universal - Cons Interm;;1
384;FU6;Financ Universal - Cons Avanc;;1
385;FU7;Financ Universal - Cad Basico;;1
386;FU8;Financ Universal - Cad Interm;;1
387;FU9;Financ Universal - Cad Avanc;;1
388;FC0;Fluxo de Caixa - Super;;1
389;FC1;Fluxo de Caixa - Tar Basico;;1
390;FC2;Fluxo de Caixa - Tar Interm;;1
391;FC3;Fluxo de Caixa - Tar Avanc;;1
392;FC4;Fluxo de Caixa - Cons Basico;;1
393;FC5;Fluxo de Caixa - Cons Interm;;1
394;FC6;Fluxo de Caixa - Cons Avanc;;1
395;FC7;Fluxo de Caixa - Cad Basico;;1
396;FC8;Fluxo de Caixa - Cad Interm;;1
397;FC9;Fluxo de Caixa - Cad Avanc;;1
398;FA0;Folha Agroindust - Super;;1
399;FA1;Folha Agroindust - Tar Basico;;1
400;FA2;Folha Agroindust - Tar Interm;;1
401;FA3;Folha Agroindust - Tar Avanc;;1
402;FA4;Folha Agroindust - Cons Basico;;1
403;FA5;Folha Agroindust - Cons Interm;;1
404;FA6;Folha Agroindust - Cons Avanc;;1
405;FA7;Folha Agroindust - Cad Basico;;1
406;FA8;Folha Agroindust - Cad Interm;;1
407;FA9;Folha Agroindust - Cad Avanc;;1
408;FP0;Folha de Pagamento - Super;;1
409;FP1;Folha de Pagamento - Tar Basico;;1
410;FP2;Folha de Pagamento - Tar Interm;;1
411;FP3;Folha de Pagamento - Tar Avanc;;1
412;FP4;Folha de Pagamento - Cons Basico;;1
413;FP5;Folha de Pagamento - Cons Interm;;1
414;FP6;Folha de Pagamento - Cons Avanc;;1
415;FP7;Folha de Pagamento - Cad Basico;;1
416;FP8;Folha de Pagamento - Cad Interm;;1
417;FP9;Folha de Pagamento - Cad Avanc;;1
418;FN0;Foundation - Super;;1
419;FN1;Foundation - Tar Basico;;1
420;FN2;Foundation - Tar Interm;;1
421;FN3;Foundation - Tar Avanc;;1
422;FN4;Foundation - Cons Basico;;1
423;FN5;Foundation - Cons Interm;;1
424;FN6;Foundation - Cons Avanc;;1
425;FN7;Foundation - Cad Basico;;1
426;FN8;Foundation - Cad Interm;;1
427;FN9;Foundation - Cad Avanc;;1
428;FH0;Foundation HR - Super;;1
429;FH1;Foundation HR - Tar Basico;;1
430;FH2;Foundation HR - Tar Interm;;1
431;FH3;Foundation HR - Tar Avanc;;1
432;FH4;Foundation HR - Cons Basico;;1
433;FH5;Foundation HR - Cons Interm;;1
434;FH6;Foundation HR - Cons Avanc;;1
435;FH7;Foundation HR - Cad Basico;;1
436;FH8;Foundation HR - Cad Interm;;1
437;FH9;Foundation HR - Cad Avanc;;1
438;GF0;Gerencial Frota - Super;;1
439;GF1;Gerencial Frota - Tar Basico;;1
440;GF2;Gerencial Frota - Tar Interm;;1
441;GF3;Gerencial Frota - Tar Avanc;;1
442;GF4;Gerencial Frota - Cons Basico;;1
443;GF5;Gerencial Frota - Cons Interm;;1
444;GF6;Gerencial Frota - Cons Avanc;;1
445;GF7;Gerencial Frota - Cad Basico;;1
446;GF8;Gerencial Frota - Cad Interm;;1
447;GF9;Gerencial Frota - Cad Avanc;;1
448;HC0;Habilid e Compet - Super;;1
449;HC1;Habilid e Compet - Tar Basico;;1
450;HC2;Habilid e Compet - Tar Interm;;1
451;HC3;Habilid e Compet - Tar Avanc;;1
452;HC4;Habilid e Compet - Cons Basico;;1
453;HC5;Habilid e Compet - Cons Interm;;1
454;HC6;Habilid e Compet - Cons Avanc;;1
455;HC7;Habilid e Compet - Cad Basico;;1
456;HC8;Habilid e Compet - Cad Interm;;1
457;HC9;Habilid e Compet - Cad Avanc;;1
458;ND0;Manut Doc da Frota - Super;;1
459;ND1;Manut Doc da Frota - Tar Basico;;1
460;ND2;Manut Doc da Frota - Tar Interm;;1
461;ND3;Manut Doc da Frota - Tar Avanc;;1
462;ND4;Manut Doc da Frota - Cons Basico;;1
463;ND5;Manut Doc da Frota - Cons Interm;;1
464;ND6;Manut Doc da Frota - Cons Avanc;;1
465;ND7;Manut Doc da Frota - Cad Basico;;1
466;ND8;Manut Doc da Frota - Cad Interm;;1
467;ND9;Manut Doc da Frota - Cad Avanc;;1
468;MI0;Manut Industrial - Super;;1
469;MI1;Manut Industrial - Tar Basico;;1
470;MI2;Manut Industrial - Tar Interm;;1
471;MI3;Manut Industrial - Tar Avanc;;1
472;MI4;Manut Industrial - Cons Basico;;1
473;MI5;Manut Industrial - Cons Interm;;1
474;MI6;Manut Industrial - Cons Avanc;;1
475;MI7;Manut Industrial - Cad Basico;;1
476;MI8;Manut Industrial - Cad Interm;;1
477;MI9;Manut Industrial - Cad Avanc;;1
478;MV0;Manut Mecanica - Super;;1
479;MV1;Manut Mecanica - Tar Basico;;1
480;MV2;Manut Mecanica - Tar Interm;;1
481;MV3;Manut Mecanica - Tar Avanc;;1
482;MV4;Manut Mecanica - Cons Basico;;1
483;MV5;Manut Mecanica - Cons Interm;;1
484;MV6;Manut Mecanica - Cons Avanc;;1
485;MV7;Manut Mecanica - Cad Basico;;1
486;MV8;Manut Mecanica - Cad Interm;;1
487;MV9;Manut Mecanica - Cad Avanc;;1
488;IP0;Manut Preditiva - Super;;1
489;IP1;Manut Preditiva - Tar Basico;;1
490;IP2;Manut Preditiva - Tar Interm;;1
491;IP3;Manut Preditiva - Tar Avanc;;1
492;IP4;Manut Preditiva - Cons Basico;;1
493;IP5;Manut Preditiva - Cons Interm;;1
494;IP6;Manut Preditiva - Cons Avanc;;1
495;IP7;Manut Preditiva - Cad Basico;;1
496;IP8;Manut Preditiva - Cad Interm;;1
497;IP9;Manut Preditiva - Cad Avanc;;1
498;MN0;Menu - Super;;1
499;MN1;Menu - Tar Basico;;1
500;MN2;Menu - Tar Interm;;1
501;MN3;Menu - Tar Avanc;;1
502;MN4;Menu - Cons Basico;;1
503;MN5;Menu - Cons Interm;;1
504;MN6;Menu - Cons Avanc;;1
505;MN7;Menu - Cad Basico;;1
506;MN8;Menu - Cad Interm;;1
507;MN9;Menu - Cad Avanc;;1
508;OF0;Obrigacoes Fiscais - Super;;1
509;OF1;Obrigacoes Fiscais - Tar Basico;;1
510;OF2;Obrigacoes Fiscais - Tar Interm;;1
511;OF3;Obrigacoes Fiscais - Tar Avanc;;1
512;OF4;Obrigacoes Fiscais - Cons Basico;;1
513;OF5;Obrigacoes Fiscais - Cons Interm;;1
514;OF6;Obrigacoes Fiscais - Cons Avanc;;1
515;OF7;Obrigacoes Fiscais - Cad Basico;;1
516;OF8;Obrigacoes Fiscais - Cad Interm;;1
517;OF9;Obrigacoes Fiscais - Cad Avanc;;1
518;OR0;Orcamentos - Super;;1
519;OR1;Orcamentos - Tar Basico;;1
520;OR2;Orcamentos - Tar Interm;;1
521;OR3;Orcamentos - Tar Avanc;;1
522;OR4;Orcamentos - Cons Basico;;1
523;OR5;Orcamentos - Cons Interm;;1
524;OR6;Orcamentos - Cons Avanc;;1
525;OR7;Orcamentos - Cad Basico;;1
526;OR8;Orcamentos - Cad Interm;;1
527;OR9;Orcamentos - Cad Avanc;;1
528;PD0;Pedidos - Super;;1
529;PD1;Pedidos - Tar Basico;;1
530;PD2;Pedidos - Tar Interm;;1
531;PD3;Pedidos - Tar Avanc;;1
532;PD4;Pedidos - Cons Basico;;1
533;PD5;Pedidos - Cons Interm;;1
534;PD6;Pedidos - Cons Avanc;;1
535;PD7;Pedidos - Cad Basico;;1
536;PD8;Pedidos - Cad Interm;;1
537;PD9;Pedidos - Cad Avanc;;1
538;PL0;Planej - Super;;1
539;PL1;Planej - Tar Basico;;1
540;PL2;Planej - Tar Interm;;1
541;PL3;Planej - Tar Avanc;;1
542;PL4;Planej - Cons Basico;;1
543;PL5;Planej - Cons Interm;;1
544;PL6;Planej - Cons Avanc;;1
545;PL7;Planej - Cad Basico;;1
546;PL8;Planej - Cad Interm;;1
547;PL9;Planej - Cad Avanc;;1
548;PA0;Planej Avancado - Super;;1
549;PA1;Planej Avancado - Tar Basico;;1
550;PA2;Planej Avancado - Tar Interm;;1
551;PA3;Planej Avancado - Tar Avanc;;1
552;PA4;Planej Avancado - Cons Basico;;1
553;PA5;Planej Avancado - Cons Interm;;1
554;PA6;Planej Avancado - Cons Avanc;;1
555;PA7;Planej Avancado - Cad Basico;;1
556;PA8;Planej Avancado - Cad Interm;;1
557;PA9;Planej Avancado - Cad Avanc;;1
558;PC0;Planej Capacidade - Super;;1
559;PC1;Planej Capacidade - Tar Basico;;1
560;PC2;Planej Capacidade - Tar Interm;;1
561;PC3;Planej Capacidade - Tar Avanc;;1
562;PC4;Planej Capacidade - Cons Basico;;1
563;PC5;Planej Capacidade - Cons Interm;;1
564;PC6;Planej Capacidade - Cons Avanc;;1
565;PC7;Planej Capacidade - Cad Basico;;1
566;PC8;Planej Capacidade - Cad Interm;;1
567;PC9;Planej Capacidade - Cad Avanc;;1
568;PI0;Planej da Manut - Super;;1
569;PI1;Planej da Manut - Tar Basico;;1
570;PI2;Planej da Manut - Tar Interm;;1
571;PI3;Planej da Manut - Tar Avanc;;1
572;PI4;Planej da Manut - Cons Basico;;1
573;PI5;Planej da Manut - Cons Interm;;1
574;PI6;Planej da Manut - Cons Avanc;;1
575;PI7;Planej da Manut - Cad Basico;;1
576;PI8;Planej da Manut - Cad Interm;;1
577;PI9;Planej da Manut - Cad Avanc;;1
578;PM0;Plano Mestre Prod - Super;;1
579;PM1;Plano Mestre Prod - Tar Basico;;1
580;PM2;Plano Mestre Prod - Tar Interm;;1
581;PM3;Plano Mestre Prod - Tar Avanc;;1
582;PM4;Plano Mestre Prod - Cons Basico;;1
583;PM5;Plano Mestre Prod - Cons Interm;;1
584;PM6;Plano Mestre Prod - Cons Avanc;;1
585;PM7;Plano Mestre Prod - Cad Basico;;1
586;PM8;Plano Mestre Prod - Cad Interm;;1
587;PM9;Plano Mestre Prod - Cad Avanc;;1
588;PN0;Pneus - Super;;1
589;PN1;Pneus - Tar Basico;;1
590;PN2;Pneus - Tar Interm;;1
591;PN3;Pneus - Tar Avanc;;1
592;PN4;Pneus - Cons Basico;;1
593;PN5;Pneus - Cons Interm;;1
594;PN6;Pneus - Cons Avanc;;1
595;PN7;Pneus - Cad Basico;;1
596;PN8;Pneus - Cad Interm;;1
597;PN9;Pneus - Cad Avanc;;1
598;CP0;Producao - Super;;1
599;CP1;Producao - Tar Basico;;1
600;CP2;Producao - Tar Interm;;1
601;CP3;Producao - Tar Avanc;;1
602;CP4;Producao - Cons Basico;;1
603;CP5;Producao - Cons Interm;;1
604;CP6;Producao - Cons Avanc;;1
605;CP7;Producao - Cad Basico;;1
606;CP8;Producao - Cad Interm;;1
607;CP9;Producao - Cad Avanc;;1
608;PO0;Progr Mao Obra MI - Super;;1
609;PO1;Progr Mao Obra MI - Tar Basico;;1
610;PO2;Progr Mao Obra MI - Tar Interm;;1
611;PO3;Progr Mao Obra MI - Tar Avanc;;1
612;PO4;Progr Mao Obra MI - Cons Basico;;1
613;PO5;Progr Mao Obra MI - Cons Interm;;1
614;PO6;Progr Mao Obra MI - Cons Avanc;;1
615;PO7;Progr Mao Obra MI - Cad Basico;;1
616;PO8;Progr Mao Obra MI - Cad Interm;;1
617;PO9;Progr Mao Obra MI - Cad Avanc;;1
618;QU0;Questionario - Super;;1
619;QU1;Questionario - Tar Basico;;1
620;QU2;Questionario - Tar Interm;;1
621;QU3;Questionario - Tar Avanc;;1
622;QU4;Questionario - Cons Basico;;1
623;QU5;Questionario - Cons Interm;;1
624;QU6;Questionario - Cons Avanc;;1
625;QU7;Questionario - Cad Basico;;1
626;QU8;Questionario - Cad Interm;;1
627;QU9;Questionario - Cad Avanc;;1
628;RE0;Recebimento - Super;;1
629;RE1;Recebimento - Tar Basico;;1
630;RE2;Recebimento - Tar Interm;;1
631;RE3;Recebimento - Tar Avanc;;1
632;RE4;Recebimento - Cons Basico;;1
633;RE5;Recebimento - Cons Interm;;1
634;RE6;Recebimento - Cons Avanc;;1
635;RE7;Recebimento - Cad Basico;;1
636;RE8;Recebimento - Cad Interm;;1
637;RE9;Recebimento - Cad Avanc;;1
638;RI0;Recup de Impostos - Super;;1
639;RI1;Recup de Impostos - Tar Basico;;1
640;RI2;Recup de Impostos - Tar Interm;;1
641;RI3;Recup de Impostos - Tar Avanc;;1
642;RI4;Recup de Impostos - Cons Basico;;1
643;RI5;Recup de Impostos - Cons Interm;;1
644;RI6;Recup de Impostos - Cons Avanc;;1
645;RI7;Recup de Impostos - Cad Basico;;1
646;RI8;Recup de Impostos - Cad Interm;;1
647;RI9;Recup de Impostos - Cad Avanc;;1
648;RT0;Regras de Times - Super;;1
649;RT1;Regras de Times - Tar Basico;;1
650;RT2;Regras de Times - Tar Interm;;1
651;RT3;Regras de Times - Tar Avanc;;1
652;RT4;Regras de Times - Cons Basico;;1
653;RT5;Regras de Times - Cons Interm;;1
654;RT6;Regras de Times - Cons Avanc;;1
655;RT7;Regras de Times - Cad Basico;;1
656;RT8;Regras de Times - Cad Interm;;1
657;RT9;Regras de Times - Cad Avanc;;1
658;SE0;Seguranca - Super;;1
659;SE1;Seguranca - Tar Basico;;1
660;SE2;Seguranca - Tar Interm;;1
661;SE3;Seguranca - Tar Avanc;;1
662;SE4;Seguranca - Cons Basico;;1
663;SE5;Seguranca - Cons Interm;;1
664;SE6;Seguranca - Cons Avanc;;1
665;SE7;Seguranca - Cad Basico;;1
666;SE8;Seguranca - Cad Interm;;1
667;SE9;Seguranca - Cad Avanc;;1
668;UN0;Universal - Super;;1
669;UN1;Universal - Tar Basico;;1
670;UN2;Universal - Tar Interm;;1
671;UN3;Universal - Tar Avanc;;1
672;UN4;Universal - Cons Basico;;1
673;UN5;Universal - Cons Interm;;1
674;UN6;Universal - Cons Avanc;;1
675;UN7;Universal - Cad Basico;;1
676;UN8;Universal - Cad Interm;;1
677;UN9;Universal - Cad Avanc;;1
678;UT0;Utilitarios - Super;;1
679;UT1;Utilitarios - Tar Basico;;1
680;UT2;Utilitarios - Tar Interm;;1
681;UT3;Utilitarios - Tar Avanc;;1
682;UT4;Utilitarios - Cons Basico;;1
683;UT5;Utilitarios - Cons Interm;;1
684;UT6;Utilitarios - Cons Avanc;;1
685;UT7;Utilitarios - Cad Basico;;1
686;UT8;Utilitarios - Cad Interm;;1
687;UT9;Utilitarios - Cad Avanc;;1
688;HCM;Usuarios Folha;;1
689;CRE;Aprovadores de Credito;;1
690;ATM;Usuarios RH;;1
691;Rec;Recebimento;;1
692;MLA;Aprovadores de Suprimentos;;1
693;Req;Requisantes;;1
694;3;Maringa;;1
695;4;Usina;;1
696;5;Canavieira;;1
697;TI;Sistemas de Gestao - Informatica;;1
698;EAI;Monitor EAI;;1
699;MIE;Manut Industrial - Entressafra;;1
700;CA0;Cadastro de Emitentes;;1
701;FZ1;Mecanização - Tar Basico;;1
702;MCR;Manutenção Contas Requisição;;1
703;IN0;Investimento - Super;;1
704;IN1;Investimento - Tar Basico;;1
705;IN2;Investimento - Tar Interm;;1
706;IN3;Investimento - Tar Avanc;;1
707;IN4;Investimento - Cons Basico;;1
708;IN5;Investimento - Cons Interm;;1
709;IN6;Investimento - Cons Avanc;;1
710;IN7;Investimento - Cad Basico;;1
711;IN8;Investimento - Cad Interm;;1
712;IN9;Investimento - Cad Avanc;;1
713;3IA;Projetos de Investimos;;1
714;3PA;Producao de Ferro-Liga;;1
715;3QA;Qualidade;;1
716;3FA;Florestal;;1
717;3AA;Administrativo Financeiro;;1
718;3EA;Geracao Transmissao e Distrib.;;1
719;4PA;Producao de Acucar e Etanol;;1
720;4AA;Administrativo Financeiro;;1
721;5AA;Administrativo Financeiro;;1
722;4QA;Qualidade;;1
723;5QA;Qualidade;;1
724;4CA;Producao Agricola;;1
725;5CA;Producao Agricola;;1
726;ADM;Administradores;;1
727;GFA;Financeiro Grupo;;1
728;GRA;Recursos Humanos Grupo;;1
729;GTA;Tecnologia da Informação Grupo;;1
730;3EB;Geracao Transmissao e Distrib.;;1
731;3EC;Geracao Transmissao e Distrib.;;1
732;3ED;Geracao Transmissao e Distrib.;;1
733;3PB;Producao de Ferro-Liga;;1
734;3PC;Producao de Ferro-Liga;;1
735;3PD;Producao de Ferro-Liga;;1
736;3PE;Producao de Ferro-Liga;;1
737;3PF;Producao de Ferro-Liga;;1
738;3PG;Producao de Ferro-Liga;;1
739;3PH;Producao de Ferro-Liga;;1
740;3PI;Producao de Ferro-Liga;;1
741;3PJ;Producao de Ferro-Liga;;1
742;3QB;Qualidade;;1
743;3QC;Qualidade;;1
744;3FB;Florestal - Silvicultura;;1
745;3FC;Florestal - Lenha;;1
746;3FD;Florestal - Carvão;;1
747;3FE;Florestal - Divisão;;1
748;4PB;Prod. Acucar e Etanol - Utilid.;;1
749;4PC;Prod. Acucar e Etanol - Produtos;;1
750;4PD;Prod. Acucar e Etanol - Producao;;1
751;4QB;Qualidade - ISO;;1
752;4QC;Qualidade - Seguranca;;1
753;4QD;Qualidade - Laboratorio;;1
754;5QB;Qualidade - ISO;;1
755;5QC;Qualidade - Seguranca;;1
756;5QD;Qualidade - Laboratorio;;1
757;RQM;Requisit Materiais de Manutencao;;1
758;EFD;Escrituração Fiscal Digital;;1
759;3AB;Financeiro;;1
760;3AC;TI;;1
761;3AD;RH;;1
762;3AE;DP;;1
763;3AF;Juridico;;1
764;3AG;Suprimentos;;1
765;3AH;Recebimento Logico/Fiscal;;1
766;3AI;Faturamento;;1
767;3AK;Esporte e Lazer;;1
768;4QE;Qualidade - EPI e Unif.;;1
769;5QE;Qualidade - EPI e Unif.;;1
770;SAL;Salarios;;1
771;4TI;Informatica;;1
772;5TI;Informatica;;1
773;ACF;Conciliação Titulo ACR x Faturam;;1
774;4DP;Departamento Pessoal;;1
775;5DP;Departamento Pessoal;;1
776;FLU;CCCM108 - Fluxo de Caixa;;1
777;FZ7;Mecanização - Cad Basico;;1
778;OFC;OFCM004 - Conferencia de NFs;;1
779;ME2;Manut Ind JC -Tar Interm;;1
780;ME9;Manut Entressafra - Cad Avanc;;1
781;ML0;MLA - Super;;1
782;ML1;MLA - Tar Basico;;1
783;ML2;MLA - Tar Interm;;1
784;ML3;MLA - Tar Avanc;;1
785;ML4;MLA - Cons Basico;;1
786;ML5;MLA - Cons Interm;;1
787;ML6;MLA - Cons Avanc;;1
788;ML7;MLA - Cad Basico;;1
789;ML8;MLA - Cad Interm;;1
790;ML9;MLA - Cad Avanc;;1
791;CDF;Consulta Documentos Fiscais;;1
792;MIO;Manut Industrial - Con.Orcamento;;1
793;RES;Ressuprimento - Cadastro;;1
794;BS;Benefícios;;1
795;MT;Medicina do Trabalho;;1
796;ST;Segurança do Trabalho;;1
797;EXA;Analista de Exportação;;1
798;3AL;Refeitorio;;1
799;CA1;Cargos e Salários - Tar Basico;;1
800;CA2;Cargos e Salários - Tar Interm;;1
801;CA3;Cargos e Salários - Tar Avanc;;1
802;CA4;Cargos e Salários - Cons Basico;;1
803;CA5;Cargos e Salários - Cons Interm;;1
804;CA6;Cargos e Salários - Cons Avanc;;1
805;CA7;Cargos e Salários - Cad Basico;;1
806;CA8;Cargos e Salários - Cad Interm;;1
807;CA9;Cargos e Salários - Cad Avanc;;1
808;HCI;Usuarios Folha - Interm;;1
809;ST0;Seg. Trabalho - Super;;1
810;ST1;Seg. Trabalho  - Tar Basico;;1
811;ST2;Seg. Trabalho  - Tar Interm;;1
812;ST3;Seg. Trabalho  - Tar Avanc;;1
813;ST4;Seg. Trabalho  - Cons Basico;;1
814;ST5;Seg. Trabalho  - Cons Interm;;1
815;ST6;Seg. Trabalho  - Cons Avanc;;1
816;ST7;Seg. Trabalho  - Cad Basico;;1
817;ST8;Seg. Trabalho  - Cad Interm;;1
818;ST9;Seg. Trabalho  - Cad Avanc;;1
819;MT0;Med. do Trabalho - Super;;1
820;MT1;Med. do Trabalho - Tar Basico;;1
821;MT2;Med. do Trabalho - Tar Interm;;1
822;MT3;Med. do Trabalho - Tar Avanc;;1
823;MT4;Med. do Trabalho - Cons Basico;;1
824;MT5;Med. do Trabalho - Cons Interm;;1
825;MT6;Med. do Trabalho - Cons Avanc;;1
826;MT7;Med. do Trabalho - Cad Basico;;1
827;MT8;Med. do Trabalho - Cad Interm;;1
828;MT9;Med. do Trabalho - Cad Avanc;;1
829;MPE;Monitor de Prazos de Entrega;;1
830;MDT;Médico Auditor;;1
831;SIT;Situações Acerto de Divergências;;1
832;APU;Apuração de Lucros e Perdas;;1
833;EPI;Distribuição de EPI's;;1
834;MEN;Atualização Segur. Menu;;1
835;BS0;Beneficios - Super;;1
836;BS1;Beneficios - Tar Basico;;1
837;BS2;Beneficios - Tar Interm;;1
838;BS3;Beneficios - Tar Avanc;;1
839;BS4;Beneficios - Cons Basico;;1
840;BS5;Beneficios - Cons Interm;;1
841;BS6;Beneficios - Cons Avanc;;1
842;BS7;Beneficios - Cad Basico;;1
843;BS8;Beneficios - Cad Interm;;1
844;BS9;Beneficios - Cad Avanc;;1
845;4RH;Recursos Humanos;;1
846;5RH;Recursos Humanos;;1
847;EDC;Eliminação de Doctos no RE0708;;1
848;MED;Médico(a) do Trabalho;;1
849;ENF;Enfermeiro(a) do Trabalho;;1
850;MIJ;Manut Industrial - Tar Interm JC;;1
851;EOM;Elimina Ordem de Manutenção MI;;1
852;AIP;Autoriz. Inspec./Liberar Produto;;1
853;ECE;Específicos Controle de Estoque;;1
854;4PE;Prod. Adm;;1
855;4AB;Adm Ambulatório;;1
856;5AB;Adm Ambulatório;;1
857;EPC;Eliminação de Pedidos de Compras;;1
858;3AM;Suprimentos Estrategicos;;1
859;3AN;Logistica;;1
860;3MA;Manutencao;;1
861;3MB;Manutencao - Operacao;;1
862;3MC;Manutencao Civil;;1
863;3MD;Manutencao Mecanica;;1
864;3ME;Manutencao Frotas;;1
865;3MF;Manutencao Camisas Eletrodicas;;1
866;3QD;Qualidade;;1
867;REA;Recebimento - Almoxarifado;;1
868;RAI;Relatório - Autorizados a Inspec;;1
869;4MA;Manut. Eletrica/Instrum  SS;;1
870;4MB;Manut. Mecanica  SS;;1
871;4MC;Manut. Civil  SS;;1
872;4MD;Manut. Mecanica/Civil CS;;1
873;4ME;Manut. Eletrica/Instrum  CS;;1
874;4PF;Prod.  Utilidades CS;;1
875;4PG;Prod.  Produtos CS;;1
876;4PH;Produção CS;;1
877;ACD;Atualização de Cad. Funcionário;;1
878;IRH;Indicadores RH;;1
879;DAP;Programas DIRF APB;;1
880;4PI;Produção Adm SS;;1
881;O15;Opex - Saude e Seguranca;;1
882;O03;Opex - Manut., Materiais e Pecas;;1
883;O04;Opex - Frota e Combustivel;;1
884;O91;Opex - TI PEx;;1
885;O94;Opex - Viagem;;1
886;TOU;Time Out;;1
887;MVE;Manut Mecanica - Específicos;;1
888;ASB;Analista Sistemas - Basico;;1
889;M01;Manifesto Doc Fisc - Tar Basico;;1
890;M02;Manifesto Doc Fisc - Tar Interm;;1
891;3MG;Manutencao Eletrica;;1
892;FTR;Faturamento - Relat Fat;;1
893;PFC;Conciliação TotvsXPims PGFOCANA;;1
894;4CB;Manutencao Agricola;;1
895;5CB;Manutencao Agricola;;1
896;CAC;Controle e apropriação contabil;;1
897;CRJ;Aprovadores de Credito JC;;1
898;CGF;Cadastro de Familias;;1
899;3AO;RH Adm;;1
900;Bal;Balancete;;1
901;MDE;Manifesto de Documentos Elet.;;1
902;RS4;Folha de Pagamento - Rel Basico;;1
903;FPD;Folha de Pagnt - Cons Dependente;;1
904;CEP;Manutenção de CEP;;1
905;CPT;Consulta - Saldo Poder Terceiros;;1
906;M03;Manifesto Doc Fisc - Tar Avanc;;1
907;4FI;Financeiro;;1
908;5FI;Financeiro;;1
909;MOM;Manut Ind - Ordem Manutencao;;1
910;MSS;Manut Ind - Solicitacao Servico;;1
911;IPS;Importação Produção Sigind;;1
912;FTM;Faturamento - Manutenção NF;;1
913;CTI;Controle acesso catracas industr;;1
914;PBA;Títulos APB - Aprovação;;1
915;PBG;Títulos APB - Geração;;1
916;4EX;Expedicao;;1
917;IOM;Impressão de Ordem Manutenção;;1
918;CCP;Compras - Manut Pedido;;1
919;MLT;MLA - Aprovadores de Tributos;;1
920;ESO;Esocial;;1
921;EC1;Export Câmbio - Tar Basico;;1
922;EC2;Export Câmbio - Tar Interm;;1
923;EC3;Export Câmbio - Tar Avanc;;1
924;EC4;Export Câmbio - Cons Basico;;1
925;EC5;Export Câmbio - Cons Interm;;1
926;EC6;Export Câmbio - Cons Avanc;;1
927;EC7;Export Câmbio - Cad Basico;;1
928;EC8;Export Câmbio - Cad Interm;;1
929;EC9;Export Câmbio - Cad Avanc;;1
930;RS2;Folha de Pagamento - Tar Interm;;1
931;RPA;Recibo de Pagamento Autônomo;;1
932;RCC;Requisitantes por Centro Custo;;1
933;ALM;Almoxarife JC;;1
934;RH1;Indicadores RH - Consulta;;1
935;3EE;Escritorio de Excelencia Gestao;;1
936;4EE;Escritorio de Excelencia Gestao;;1
937;5EE;Escritorio de Excelencia Gestao;;1
938;CAB;Cadastro de Emitentes - Balança;;1
939;5JU;Juridico;;1
940;4JU;Juridico;;1
941;4SU;Suprimentos;;1
942;5SU;Suprimentos;;1
943;ARH;Adm RH;;1
944;NEG;Item Negativo;;1
945;PX6;Importação de Notas Fiscais PIMS;;1
946;APR;Aquisição de Produção Rural;;1
947;EX4;Exportação - Cons Basico;;1
948;4VL;Transporte;;1
949;5VL;Transporte;;1
950;RNF;REINF;;1
951;RH4;R.H. Consulta Básica;;1
952;AG1;Importação Pagamentos PIMS;;1
953;FTE;Faturamento - Datas Expedição;;1
954;PCM;PCMSO;;1
955;FM1;Fomento - Cadastros;;1
956;FM2;Fomento - Consultas;;1
957;FM3;Fomento - Parametros;;1
958;ES2;Esocial - Tar. Interm.;;1
959;3BL;Beneficiamento de Liga;;1
960;3FR;Manutenção Frotas;;1
961;GFS;GFE - Suprimentos;;1
962;GFR;GFE - Recebimentos;;1
963;6;Energia;;1
964;3QE;Qualidade;;1
965;SST;SST;;1
966;MTE;MT eSocial;;1
967;PBC;Títulos APB - Cadastros;;1
968;MIA;Manut Industrial - Ficha Técnica;;1
969;RS3;Folha de Pagamento - Tar Avanc;;1
970;4CP;Produtores Integrados;;1
971;5CP;Produtores Integrados;;1
972;NI0;Programas Básicos Nimbi;;1
973;RP1;RPW - AIX;;1
974;RP2;RPW - Windows;;1
975;APS;Atenção Primária à Saúde;;1
976;MVC;Manuenção Frotas Cadastro;;1
977;SRO;Solicitação / Requisição por OM;;1
978;AFN;Avaliação de Fornecedores;;1
979;QL1;Controle Qualidade 1;;1
980;RP3;RPW_3 - AIX;;1
981;RP4;RPW_4 - AIX;;1
982;RP5;RPW_5 - AIX;;1
983;QL2;Controle Qualidade 2;;1
984;ITE;Implantação de Itens;;1
